,PQ1.1_Modeling_language_experience,,,,,,PQ1.2_Modeling_language_reference,,PQ2.1_Modeling_tool_experiences,,,,,,,,,,,,PQ2.2_Modeling_tool_reference,,PQ3_Modeling_exp_time,,PQ4_Modeling_activities,,,,,,,PQ5_Modeling_Self-evaluation,PQ6_Modeling_context,,,,,,PQ7_Modeling_learning,,,,,,,,,PQ8_Educational_level?,,PP01_Frequency ,,PP01_Causes,,,,,PP01_Reponses,,,,,,,,PP02_Frequency ,,PP02_Causes,,,,,PP02_Reponses,,,,,,,,PP03_Frequency ,,PP03_Causes,,,,,PP03_Reponses,,,,,,,,PP04_Frequency ,,PP04_Causes,,,,,PP04_Reponses,,,,,,,,PP05_Frequency ,,PP05_Causes,,,,,PP05_Reponses,,,,,,,,PP06_Frequency ,,PP06_Causes,,,,,PP06_Reponses,,,,,,,,PP07_Frequency ,,PP07_Causes,,,,,PP07_Reponses,,,,,,,,PP08_Frequency ,,PP08_Causes,,,,,PP08_Reponses,,,,,,,,PP09_Frequency ,,PP09_Causes,,,,,PP09_Reponses,,,,,,,,PP10_Frequency ,,PP10_Causes,,,,,PP10_Reponses,,,,,,,,PP11_Frequency ,,PP11_Causes,,,,,PP11_Reponses,,,,,,,,PP12_Frequency ,,PP12_Causes,,,,,PP12_Reponses,,,,,,,,PP13_Frequency ,,PP13_Causes,,,,,PP13_Reponses,,,,,,,,PP14_Frequency ,,PP14_Causes,,,,,PP14_Reponses,,,,,,,,PP15_Frequency ,,PP15_Causes,,,,,PP15_Reponses,,,,,,,,PP16_Frequency ,,PP16_Causes,,,,,PP16_Reponses,,,,,,,
Respondent_ID,ML_Exp_UML,ML_Exp_OntoUML,ML_Exp_ER,ML_Exp_ORM,ML_Exp_Other,ML_Exp_OtherDescription,ML_Ref,ML_Ref_OtherDescription,MT_Exp_VPP,MT_Exp_EA,MT_Exp_Astah,MT_Exp_Lucidchart,MT_Exp_Draw.io,MT_Exp_ArgoUML,MT_Exp_MagicDraw,MT_Exp_StarUML,MT_Exp_IBMRationalRhapsody,MT_Exp_JetUML,MT_Exp_Other,MT_Exp_OtherDescription,MT_Ref,MT_Ref_OtherDescription,ME_Exp,ME_YearsOfExp_ifExp>3,MA_Reading&Feedback_OthersModels,MA_Creating,MA_Documenting,MA_Implementing,MA_Updating_OthersModels,MA_Other,MA_OtherDescription,MS_SelfEva,MC_Education,MC_Research,MC_Industry,MC_Government,MC_Other,MC_OtherDescription,ML_Bachelor,ML_SpecialisationCourse,ML_MasterCourse,ML_PhDCourse,ML_IndependentCourse,ML_WorkExperience,ML_SelfLearning,ML_Other,ML_OtherDescription,EL_EducLevel,EL_OtherDescription,PP01_RQ1.1_Frequency_Experience,PP01_RQ1.2_Frequency_Frequency,PP01_RQ2.1_Cause_WasteTime,PP01_RQ2.2_Cause_HigherCosts,PP01_RQ2.3_Cause_GoalsDisatisfaction,PP01_RQ2.4_Cause_NegativeFeelings,PP01_RQ2.5_Cause_Other,PP01_RQ3.1_Response_KeptModeling,PP01_RQ3.2_Response_ChangeLanguage,PP01_RQ3.3_Response_Training,PP01_RQ3.4_Response_ChangeTool,PP01_RQ3.5_Response_ChangeMethod,PP01_RQ3.6_Response_ImplementWorkaround,PP01_RQ3.7_Response_GiveUp,PP01_RQ3.8_Response_Other,PP02_RQ1.1_Frequency_Experience,PP02_RQ1.2_Frequency_Frequency,PP02_RQ2.1_Cause_WasteTime,PP02_RQ2.2_Cause_HigherCosts,PP02_RQ2.3_Cause_GoalsDisatisfaction,PP02_RQ2.4_Cause_NegativeFeelings,PP02_RQ2.5_Cause_Other,PP02_RQ3.1_Response_KeptModeling,PP02_RQ3.2_Response_ChangeLanguage,PP02_RQ3.3_Response_Training,PP02_RQ3.4_Response_ChangeTool,PP02_RQ3.5_Response_ChangeMethod,PP02_RQ3.6_Response_ImplementWorkaround,PP02_RQ3.7_Response_GiveUp,PP02_RQ3.8_Response_Other,PP03_RQ1.1_Frequency_Experience,PP03_RQ1.2_Frequency_Frequency,PP03_RQ2.1_Cause_WasteTime,PP03_RQ2.2_Cause_HigherCosts,PP03_RQ2.3_Cause_GoalsDisatisfaction,PP03_RQ2.4_Cause_NegativeFeelings,PP03_RQ2.5_Cause_Other,PP03_RQ3.1_Response_KeptModeling,PP03_RQ3.2_Response_ChangeLanguage,PP03_RQ3.3_Response_Training,PP03_RQ3.4_Response_ChangeTool,PP03_RQ3.5_Response_ChangeMethod,PP03_RQ3.6_Response_ImplementWorkaround,PP03_RQ3.7_Response_GiveUp,PP03_RQ3.8_Response_Other,PP04_RQ1.1_Frequency_Experience,PP04_RQ1.2_Frequency_Frequency,PP04_RQ2.1_Cause_WasteTime,PP04_RQ2.2_Cause_HigherCosts,PP04_RQ2.3_Cause_GoalsDisatisfaction,PP04_RQ2.4_Cause_NegativeFeelings,PP04_RQ2.5_Cause_Other,PP04_RQ3.1_Response_KeptModeling,PP04_RQ3.2_Response_ChangeLanguage,PP04_RQ3.3_Response_Training,PP04_RQ3.4_Response_ChangeTool,PP04_RQ3.5_Response_ChangeMethod,PP04_RQ3.6_Response_ImplementWorkaround,PP04_RQ3.7_Response_GiveUp,PP04_RQ3.8_Response_Other,PP05_RQ1.1_Frequency_Experience,PP05_RQ1.2_Frequency_Frequency,PP05_RQ2.1_Cause_WasteTime,PP05_RQ2.2_Cause_HigherCosts,PP05_RQ2.3_Cause_GoalsDisatisfaction,PP05_RQ2.4_Cause_NegativeFeelings,PP05_RQ2.5_Cause_Other,PP05_RQ3.1_Response_KeptModeling,PP05_RQ3.2_Response_ChangeLanguage,PP05_RQ3.3_Response_Training,PP05_RQ3.4_Response_ChangeTool,PP05_RQ3.5_Response_ChangeMethod,PP05_RQ3.6_Response_ImplementWorkaround,PP05_RQ3.7_Response_GiveUp,PP05_RQ3.8_Response_Other,PP06_RQ1.1_Frequency_Experience,PP06_RQ1.2_Frequency_Frequency,PP06_RQ2.1_Cause_WasteTime,PP06_RQ2.2_Cause_HigherCosts,PP06_RQ2.3_Cause_GoalsDisatisfaction,PP06_RQ2.4_Cause_NegativeFeelings,PP06_RQ2.5_Cause_Other,PP06_RQ3.1_Response_KeptModeling,PP06_RQ3.2_Response_ChangeLanguage,PP06_RQ3.3_Response_Training,PP06_RQ3.4_Response_ChangeTool,PP06_RQ3.5_Response_ChangeMethod,PP06_RQ3.6_Response_ImplementWorkaround,PP06_RQ3.7_Response_GiveUp,PP06_RQ3.8_Response_Other,PP07_RQ1.1_Frequency_Experience,PP07_RQ1.2_Frequency_Frequency,PP07_RQ2.1_Cause_WasteTime,PP07_RQ2.2_Cause_HigherCosts,PP07_RQ2.3_Cause_GoalsDisatisfaction,PP07_RQ2.4_Cause_NegativeFeelings,PP07_RQ2.5_Cause_Other,PP07_RQ3.1_Response_KeptModeling,PP07_RQ3.2_Response_ChangeLanguage,PP07_RQ3.3_Response_Training,PP07_RQ3.4_Response_ChangeTool,PP07_RQ3.5_Response_ChangeMethod,PP07_RQ3.6_Response_ImplementWorkaround,PP07_RQ3.7_Response_GiveUp,PP07_RQ3.8_Response_Other,PP08_RQ1.1_Frequency_Experience,PP08_RQ1.2_Frequency_Frequency,PP08_RQ2.1_Cause_WasteTime,PP08_RQ2.2_Cause_HigherCosts,PP08_RQ2.3_Cause_GoalsDisatisfaction,PP08_RQ2.4_Cause_NegativeFeelings,PP08_RQ2.5_Cause_Other,PP08_RQ3.1_Response_KeptModeling,PP08_RQ3.2_Response_ChangeLanguage,PP08_RQ3.3_Response_Training,PP08_RQ3.4_Response_ChangeTool,PP08_RQ3.5_Response_ChangeMethod,PP08_RQ3.6_Response_ImplementWorkaround,PP08_RQ3.7_Response_GiveUp,PP08_RQ3.8_Response_Other,PP09_RQ1.1_Frequency_Experience,PP09_RQ1.2_Frequency_Frequency,PP09_RQ2.1_Cause_WasteTime,PP09_RQ2.2_Cause_HigherCosts,PP09_RQ2.3_Cause_GoalsDisatisfaction,PP09_RQ2.4_Cause_NegativeFeelings,PP09_RQ2.5_Cause_Other,PP09_RQ3.1_Response_KeptModeling,PP09_RQ3.2_Response_ChangeLanguage,PP09_RQ3.3_Response_Training,PP09_RQ3.4_Response_ChangeTool,PP09_RQ3.5_Response_ChangeMethod,PP09_RQ3.6_Response_ImplementWorkaround,PP09_RQ3.7_Response_GiveUp,PP09_RQ3.8_Response_Other,PP10_RQ1.1_Frequency_Experience,PP10_RQ1.2_Frequency_Frequency,PP10_RQ2.1_Cause_WasteTime,PP10_RQ2.2_Cause_HigherCosts,PP10_RQ2.3_Cause_GoalsDisatisfaction,PP10_RQ2.4_Cause_NegativeFeelings,PP10_RQ2.5_Cause_Other,PP10_RQ3.1_Response_KeptModeling,PP10_RQ3.2_Response_ChangeLanguage,PP10_RQ3.3_Response_Training,PP10_RQ3.4_Response_ChangeTool,PP10_RQ3.5_Response_ChangeMethod,PP10_RQ3.6_Response_ImplementWorkaround,PP10_RQ3.7_Response_GiveUp,PP10_RQ3.8_Response_Other,PP11_RQ1.1_Frequency_Experience,PP11_RQ1.2_Frequency_Frequency,PP11_RQ2.1_Cause_WasteTime,PP11_RQ2.2_Cause_HigherCosts,PP11_RQ2.3_Cause_GoalsDisatisfaction,PP11_RQ2.4_Cause_NegativeFeelings,PP11_RQ2.5_Cause_Other,PP11_RQ3.1_Response_KeptModeling,PP11_RQ3.2_Response_ChangeLanguage,PP11_RQ3.3_Response_Training,PP11_RQ3.4_Response_ChangeTool,PP11_RQ3.5_Response_ChangeMethod,PP11_RQ3.6_Response_ImplementWorkaround,PP11_RQ3.7_Response_GiveUp,PP11_RQ3.8_Response_Other,PP12_RQ1.1_Frequency_Experience,PP12_RQ1.2_Frequency_Frequency,PP12_RQ2.1_Cause_WasteTime,PP12_RQ2.2_Cause_HigherCosts,PP12_RQ2.3_Cause_GoalsDisatisfaction,PP12_RQ2.4_Cause_NegativeFeelings,PP12_RQ2.5_Cause_Other,PP12_RQ3.1_Response_KeptModeling,PP12_RQ3.2_Response_ChangeLanguage,PP12_RQ3.3_Response_Training,PP12_RQ3.4_Response_ChangeTool,PP12_RQ3.5_Response_ChangeMethod,PP12_RQ3.6_Response_ImplementWorkaround,PP12_RQ3.7_Response_GiveUp,PP12_RQ3.8_Response_Other,PP13_RQ1.1_Frequency_Experience,PP13_RQ1.2_Frequency_Frequency,PP13_RQ2.1_Cause_WasteTime,PP13_RQ2.2_Cause_HigherCosts,PP13_RQ2.3_Cause_GoalsDisatisfaction,PP13_RQ2.4_Cause_NegativeFeelings,PP13_RQ2.5_Cause_Other,PP13_RQ3.1_Response_KeptModeling,PP13_RQ3.2_Response_ChangeLanguage,PP13_RQ3.3_Response_Training,PP13_RQ3.4_Response_ChangeTool,PP13_RQ3.5_Response_ChangeMethod,PP13_RQ3.6_Response_ImplementWorkaround,PP13_RQ3.7_Response_GiveUp,PP13_RQ3.8_Response_Other,PP14_RQ1.1_Frequency_Experience,PP14_RQ1.2_Frequency_Frequency,PP14_RQ2.1_Cause_WasteTime,PP14_RQ2.2_Cause_HigherCosts,PP14_RQ2.3_Cause_GoalsDisatisfaction,PP14_RQ2.4_Cause_NegativeFeelings,PP14_RQ2.5_Cause_Other,PP14_RQ3.1_Response_KeptModeling,PP14_RQ3.2_Response_ChangeLanguage,PP14_RQ3.3_Response_Training,PP14_RQ3.4_Response_ChangeTool,PP14_RQ3.5_Response_ChangeMethod,PP14_RQ3.6_Response_ImplementWorkaround,PP14_RQ3.7_Response_GiveUp,PP14_RQ3.8_Response_Other,PP15_RQ1.1_Frequency_Experience,PP15_RQ1.2_Frequency_Frequency,PP15_RQ2.1_Cause_WasteTime,PP15_RQ2.2_Cause_HigherCosts,PP15_RQ2.3_Cause_GoalsDisatisfaction,PP15_RQ2.4_Cause_NegativeFeelings,PP15_RQ2.5_Cause_Other,PP15_RQ3.1_Response_KeptModeling,PP15_RQ3.2_Response_ChangeLanguage,PP15_RQ3.3_Response_Training,PP15_RQ3.4_Response_ChangeTool,PP15_RQ3.5_Response_ChangeMethod,PP15_RQ3.6_Response_ImplementWorkaround,PP15_RQ3.7_Response_GiveUp,PP15_RQ3.8_Response_Other,PP16_RQ1.1_Frequency_Experience,PP16_RQ1.2_Frequency_Frequency,PP16_RQ2.1_Cause_WasteTime,PP16_RQ2.2_Cause_HigherCosts,PP16_RQ2.3_Cause_GoalsDisatisfaction,PP16_RQ2.4_Cause_NegativeFeelings,PP16_RQ2.5_Cause_Other,PP16_RQ3.1_Response_KeptModeling,PP16_RQ3.2_Response_ChangeLanguage,PP16_RQ3.3_Response_Training,PP16_RQ3.4_Response_ChangeTool,PP16_RQ3.5_Response_ChangeMethod,PP16_RQ3.6_Response_ImplementWorkaround,PP16_RQ3.7_Response_GiveUp,PP16_RQ3.8_Response_Other
14018615650,1,0,1,0,0,,UML,,0,1,0,0,0,0,0,0,1,0,0,,Enterprise Architect (Sparx Systems),,More than 3 years,15,0,1,1,0,0,0,,Intermediate,0,0,1,0,0,,1,0,0,0,1,1,0,0,,Master's degree or higher education,,1,Sometimes,Agree,Agree,Strongly agree,Disagree,,Disagree,Disagree,Agree,Disagree,Agree,Agree,Disagree,,0,,,,,,,,,,,,,,,0,,,,,,,,,,,,,,,1,Sometimes,Agree,Disagree,Disagree,Disagree,,Disagree,Disagree,Disagree,Disagree,Agree,Agree,Disagree,,0,,,,,,,,,,,,,,,0,,,,,,,,,,,,,,,1,Sometimes,Neither agree nor disagree,Agree,Disagree,Disagree,,Agree,Disagree,Disagree,Disagree,Disagree,Disagree,Disagree,,1,Sometimes,Disagree,Agree,Disagree,Disagree,,Agree,Disagree,Disagree,Disagree,Disagree,Disagree,Disagree,,0,,,,,,,,,,,,,,,1,Sometimes,Disagree,Disagree,Agree,Disagree,,Agree,Disagree,Disagree,Disagree,Disagree,Disagree,Disagree,,0,,,,,,,,,,,,,,,0,,,,,,,,,,,,,,,0,,,,,,,,,,,,,,,0,,,,,,,,,,,,,,,0,,,,,,,,,,,,,,,0,,,,,,,,,,,,,,
14018595511,1,1,1,0,0,,UML,,1,0,1,0,0,0,0,0,0,0,0,,Visual Paradigm,,More than 3 years,20,1,1,1,1,0,0,,Expert,1,1,0,0,0,,1,0,1,1,0,0,1,0,,Master's degree or higher education,,1,Sometimes,Agree,Disagree,Strongly agree,Strongly disagree,,Disagree,Strongly disagree,Strongly disagree,Strongly disagree,Strongly disagree,Agree,Strongly disagree,I postponed modeling until later in the project,0,,,,,,,,,,,,,,,0,,,,,,,,,,,,,,,0,,,,,,,,,,,,,,,1,Usually,Strongly disagree,Agree,Disagree,Strongly disagree,"Because it's a lot of work, sometimes repetitive work",Strongly agree,Strongly disagree,Strongly disagree,Strongly disagree,Strongly disagree,Strongly disagree,Strongly disagree,,0,,,,,,,,,,,,,,,1,Usually,Strongly disagree,Strongly agree,Disagree,Strongly disagree,Similar to PP05,Strongly agree,Strongly disagree,Strongly disagree,Strongly disagree,Strongly disagree,Strongly disagree,Strongly disagree,,0,,,,,,,,,,,,,,,1,Sometimes,Agree,Agree,Disagree,Strongly disagree,,Strongly agree,Strongly disagree,Strongly disagree,Strongly disagree,Strongly disagree,Strongly disagree,Strongly disagree,,0,,,,,,,,,,,,,,,1,Sometimes,Agree,Agree,Strongly disagree,Strongly disagree,,Strongly agree,Strongly disagree,Strongly disagree,Disagree,Disagree,Strongly disagree,Strongly disagree,,0,,,,,,,,,,,,,,,0,,,,,,,,,,,,,,,0,,,,,,,,,,,,,,,0,,,,,,,,,,,,,,,1,Sometimes,Neither agree nor disagree,Agree,Disagree,Strongly disagree,,Agree,Strongly disagree,Strongly disagree,Disagree,Disagree,Strongly disagree,Strongly disagree,
14018594245,1,1,1,0,0,,OntoUML,,1,0,1,1,0,0,0,0,0,0,0,,Visual Paradigm,,More than 3 years,25,1,1,0,1,0,0,,Expert,1,1,0,0,0,,1,0,1,1,0,0,0,0,,Master's degree or higher education,,1,Sometimes,Agree,Neither agree nor disagree,Agree,Agree,,Neither agree nor disagree,Disagree,Strongly agree,Disagree,Agree,Agree,Strongly disagree,,1,Usually,Agree,Disagree,Agree,Neither agree nor disagree,,Disagree,Disagree,Strongly agree,Disagree,Agree,Disagree,Strongly disagree,,0,,,,,,,,,,,,,,,1,Rarely,Strongly agree,Agree,Neither agree nor disagree,Disagree,,Agree,Disagree,Strongly agree,Disagree,Disagree,Disagree,Strongly disagree,,0,,,,,,,,,,,,,,,0,,,,,,,,,,,,,,,0,,,,,,,,,,,,,,,1,Sometimes,Strongly agree,Strongly agree,Agree,Disagree,,Disagree,Disagree,Disagree,Strongly agree,Agree,Agree,Strongly disagree,,1,Usually,Strongly agree,Strongly agree,Neither agree nor disagree,Disagree,,Strongly disagree,Disagree,Neither agree nor disagree,Disagree,Disagree,Disagree,Agree,,1,Sometimes,Neither agree nor disagree,Neither agree nor disagree,Strongly agree,Disagree,,Strongly disagree,Disagree,Disagree,Strongly agree,Neither agree nor disagree,Neither agree nor disagree,Strongly disagree,,1,Usually,Agree,Agree,Neither agree nor disagree,Neither agree nor disagree,,Strongly disagree,Disagree,Strongly agree,Agree,Disagree,Agree,Strongly disagree,,1,Usually,Disagree,Agree,Agree,Agree,,Agree,Disagree,Strongly agree,Disagree,Disagree,Disagree,Strongly disagree,,1,Usually,Neither agree nor disagree,Neither agree nor disagree,Strongly agree,Disagree,,Agree,Disagree,Neither agree nor disagree,Disagree,Disagree,Disagree,Strongly disagree,,0,,,,,,,,,,,,,,,1,Sometimes,Agree,Agree,Agree,Agree,,Agree,Disagree,Strongly agree,Disagree,Agree,Disagree,Disagree,,1,Rarely,Neither agree nor disagree,Neither agree nor disagree,Agree,Strongly agree,,Disagree,Disagree,Strongly agree,Disagree,Strongly agree,Agree,Strongly disagree,
14018567018,1,0,1,1,0,,ER / EER,,0,0,0,0,0,0,0,0,0,0,1,SQL Developer Data Modeler,Other (please specify),SQL Developer Data Modeler,Between 1 and 3 years.,,0,1,0,0,0,0,,Advanced,0,0,1,0,0,,0,0,1,0,0,0,0,0,,Master's degree or higher education,,1,Rarely,Agree,Neither agree nor disagree,Agree,Agree,,Agree,Neither agree nor disagree,Neither agree nor disagree,Neither agree nor disagree,Neither agree nor disagree,Neither agree nor disagree,Neither agree nor disagree,not,1,Sometimes,Neither agree nor disagree,Neither agree nor disagree,Agree,Agree,,Agree,Agree,Agree,Agree,Agree,Agree,Neither agree nor disagree,,0,,,,,,,,,,,,,,,0,,,,,,,,,,,,,,,0,,,,,,,,,,,,,,,0,,,,,,,,,,,,,,,1,Sometimes,Agree,Agree,Neither agree nor disagree,Neither agree nor disagree,,Agree,Agree,Agree,Agree,Agree,Agree,Agree,,0,,,,,,,,,,,,,,,1,Usually,Agree,Agree,Agree,Neither agree nor disagree,,Agree,Neither agree nor disagree,Agree,Agree,Agree,Agree,Agree,,0,,,,,,,,,,,,,,,0,,,,,,,,,,,,,,,0,,,,,,,,,,,,,,,0,,,,,,,,,,,,,,,0,,,,,,,,,,,,,,,0,,,,,,,,,,,,,,,0,,,,,,,,,,,,,,
14018562513,1,1,1,0,0,,UML,,1,1,1,0,0,1,0,1,1,0,0,,Astah,,More than 3 years,20,1,1,0,0,1,0,,Advanced,1,1,0,0,0,,1,0,1,1,0,1,1,0,,Master's degree or higher education,,1,Sometimes,Strongly agree,Agree,Agree,Disagree,,Neither agree nor disagree,Disagree,Neither agree nor disagree,Disagree,Agree,Neither agree nor disagree,Disagree,This frustration contributed to better study the domain / to ask more information to the stakeholders / to postpone the model results,1,Usually,Strongly agree,Agree,Strongly agree,Neither agree nor disagree,,Neither agree nor disagree,Neither agree nor disagree,Strongly agree,Agree,Agree,Agree,Neither agree nor disagree,This frustration contributed to better explain the benefits of the model,1,Sometimes,Agree,Agree,Agree,Neither agree nor disagree,,Neither agree nor disagree,Agree,Agree,Neither agree nor disagree,Neither agree nor disagree,Neither agree nor disagree,Disagree,,1,Usually,Strongly agree,Agree,Agree,Neither agree nor disagree,,Neither agree nor disagree,Disagree,Neither agree nor disagree,Disagree,Neither agree nor disagree,Disagree,Disagree,,0,,,,,,,,,,,,,,,1,Sometimes,Agree,Neither agree nor disagree,Strongly agree,Neither agree nor disagree,,Agree,Disagree,Agree,Neither agree nor disagree,Disagree,Disagree,Neither agree nor disagree,,1,Rarely,Agree,Agree,Disagree,Disagree,,Agree,Disagree,Neither agree nor disagree,Disagree,Disagree,Disagree,Disagree,,1,Usually,Agree,Agree,Neither agree nor disagree,Disagree,,Neither agree nor disagree,Neither agree nor disagree,Agree,Neither agree nor disagree,Agree,Neither agree nor disagree,Disagree,,1,Usually,Strongly agree,Agree,Disagree,Disagree,,Agree,Neither agree nor disagree,Neither agree nor disagree,Neither agree nor disagree,Neither agree nor disagree,Neither agree nor disagree,Disagree,,1,Usually,Agree,Agree,Agree,Disagree,,Neither agree nor disagree,Disagree,Neither agree nor disagree,Neither agree nor disagree,Agree,Neither agree nor disagree,Disagree,,1,Sometimes,Agree,Agree,Neither agree nor disagree,Disagree,,Agree,Disagree,Neither agree nor disagree,Disagree,Disagree,Disagree,Disagree,,1,Usually,Strongly agree,Strongly agree,Strongly agree,Neither agree nor disagree,,Agree,Disagree,Agree,Neither agree nor disagree,Neither agree nor disagree,Disagree,Disagree,,0,,,,,,,,,,,,,,,1,Sometimes,Strongly agree,Strongly agree,Strongly agree,Disagree,,Neither agree nor disagree,Neither agree nor disagree,Neither agree nor disagree,Agree,Agree,Disagree,Disagree,,0,,,,,,,,,,,,,,,0,,,,,,,,,,,,,,
14018507417,1,0,0,0,0,,UML,,0,0,0,0,1,1,0,1,0,0,0,,StarUML,,Between 1 and 3 years.,,1,1,1,0,0,0,,Intermediate,1,1,0,0,0,,1,0,1,0,0,1,1,0,,Master's degree or higher education,,1,Rarely,Strongly disagree,Agree,Strongly disagree,Strongly disagree,,Disagree,Strongly agree,Strongly agree,Neither agree nor disagree,Disagree,Agree,Strongly disagree,,1,Sometimes,Strongly disagree,Strongly disagree,Agree,Strongly disagree,,Strongly agree,Neither agree nor disagree,Neither agree nor disagree,Neither agree nor disagree,Strongly disagree,Strongly agree,Strongly disagree,,1,Always,Disagree,Strongly disagree,Agree,Strongly disagree,,Disagree,Agree,Strongly agree,Agree,Strongly agree,Agree,Strongly disagree,,1,Rarely,Strongly disagree,Strongly agree,Strongly agree,Strongly disagree,,Strongly disagree,Strongly disagree,Strongly disagree,Strongly disagree,Strongly agree,Strongly agree,Strongly disagree,,1,Usually,Strongly agree,Strongly agree,Strongly agree,Strongly disagree,,Agree,Agree,Neither agree nor disagree,Strongly disagree,Neither agree nor disagree,Disagree,Strongly disagree,,0,,,,,,,,,,,,,,,0,,,,,,,,,,,,,,,0,,,,,,,,,,,,,,,1,Sometimes,Strongly disagree,Neither agree nor disagree,Strongly disagree,Strongly disagree,,Disagree,Strongly agree,Strongly agree,Agree,Agree,Strongly disagree,Strongly disagree,,0,,,,,,,,,,,,,,,0,,,,,,,,,,,,,,,1,Always,Strongly agree,Strongly agree,Strongly agree,Strongly disagree,,Neither agree nor disagree,Neither agree nor disagree,Agree,Disagree,Agree,Strongly disagree,Strongly disagree,,0,,,,,,,,,,,,,,,0,,,,,,,,,,,,,,,0,,,,,,,,,,,,,,,1,Sometimes,Neither agree nor disagree,Neither agree nor disagree,Neither agree nor disagree,Neither agree nor disagree,,Neither agree nor disagree,Disagree,Neither agree nor disagree,Disagree,Disagree,Disagree,Strongly disagree,
14018477026,1,1,0,0,0,,OntoUML,,0,0,0,0,0,0,0,0,0,0,0,None,Other (please specify),None,Less than 1 year.,,0,0,0,0,0,1,I created a conceptual model for a university course,Novice,0,1,0,0,0,,0,0,1,0,0,0,0,0,,Master's degree or higher education,,1,Rarely,Disagree,Disagree,Disagree,Agree,,Agree,Disagree,Agree,Disagree,Disagree,Disagree,Disagree,,0,,,,,,,,,,,,,,,0,,,,,,,,,,,,,,,1,Rarely,Disagree,Disagree,Disagree,Agree,,Disagree,Disagree,Agree,Disagree,Disagree,Disagree,Disagree,,0,,,,,,,,,,,,,,,0,,,,,,,,,,,,,,,0,,,,,,,,,,,,,,,0,,,,,,,,,,,,,,,0,,,,,,,,,,,,,,,1,Sometimes,Agree,Disagree,Agree,Agree,,Agree,Disagree,Neither agree nor disagree,Neither agree nor disagree,Agree,Disagree,Disagree,,1,Sometimes,Disagree,Agree,Agree,Agree,,Agree,Disagree,Neither agree nor disagree,Disagree,Disagree,Disagree,Disagree,,0,,,,,,,,,,,,,,,0,,,,,,,,,,,,,,,1,Sometimes,Neither agree nor disagree,Neither agree nor disagree,Neither agree nor disagree,Agree,,Neither agree nor disagree,Disagree,Agree,Disagree,Disagree,Disagree,Disagree,,0,,,,,,,,,,,,,,,1,Rarely,Agree,Neither agree nor disagree,Neither agree nor disagree,Agree,,Disagree,Disagree,Agree,Disagree,Disagree,Disagree,Disagree,
14018418857,1,0,1,1,0,,UML,,1,0,0,0,1,0,0,0,0,0,0,,Draw.io,,More than 3 years,7,1,1,1,1,0,0,,Advanced,1,1,1,0,0,,1,0,1,0,0,0,1,0,,Master's degree or higher education,,1,Sometimes,Agree,Neither agree nor disagree,Agree,Agree,,Disagree,Strongly disagree,Agree,Strongly disagree,Disagree,Agree,Disagree,,0,,,,,,,,,,,,,,,0,,,,,,,,,,,,,,,0,,,,,,,,,,,,,,,1,Rarely,Disagree,Agree,Agree,Agree,,Disagree,Strongly disagree,Neither agree nor disagree,Strongly disagree,Agree,Disagree,Strongly disagree,,0,,,,,,,,,,,,,,,1,Sometimes,Agree,Agree,Disagree,Strongly disagree,,Agree,Strongly disagree,Disagree,Disagree,Disagree,Neither agree nor disagree,Agree,,0,,,,,,,,,,,,,,,1,Sometimes,Agree,Neither agree nor disagree,Disagree,Strongly disagree,,Disagree,Strongly disagree,Disagree,Disagree,Disagree,Agree,Agree,,0,,,,,,,,,,,,,,,0,,,,,,,,,,,,,,,1,Usually,Strongly agree,Neither agree nor disagree,Agree,Disagree,,Disagree,Strongly disagree,Agree,Strongly disagree,Strongly disagree,Strongly disagree,Agree,,0,,,,,,,,,,,,,,,0,,,,,,,,,,,,,,,0,,,,,,,,,,,,,,,0,,,,,,,,,,,,,,
14018408262,1,0,1,1,0,,UML,,0,0,0,0,1,0,0,0,0,0,0,,Draw.io,,More than 3 years,10,1,1,0,1,0,0,,Expert,0,0,1,0,0,,1,0,0,0,0,0,0,0,,Bachelor's degree,,0,,,,,,,,,,,,,,,0,,,,,,,,,,,,,,,0,,,,,,,,,,,,,,,0,,,,,,,,,,,,,,,0,,,,,,,,,,,,,,,0,,,,,,,,,,,,,,,0,,,,,,,,,,,,,,,0,,,,,,,,,,,,,,,1,Rarely,Strongly agree,Strongly agree,Agree,Agree,,Disagree,Disagree,Agree,Agree,Agree,Agree,Strongly disagree,,1,Sometimes,Agree,Agree,Agree,Agree,,Disagree,Agree,Agree,Agree,Agree,Agree,Agree,,1,Usually,Agree,Agree,Agree,Agree,,Agree,Agree,Agree,Agree,Agree,Agree,Agree,,1,Usually,Agree,Agree,Agree,Agree,,Agree,Agree,Agree,Agree,Agree,Agree,Agree,,1,Usually,Agree,Agree,Agree,Agree,,Agree,Agree,Agree,Agree,Agree,Agree,Agree,,1,Usually,Agree,Neither agree nor disagree,Agree,Agree,,Agree,Neither agree nor disagree,Agree,Agree,Agree,Agree,Agree,,1,Rarely,Agree,Neither agree nor disagree,Agree,Agree,,Agree,Agree,Agree,Agree,Agree,Agree,Agree,,0,,,,,,,,,,,,,,
14018406944,1,1,1,0,0,,OntoUML,,1,0,0,0,0,0,0,0,0,0,0,,Visual Paradigm,,Between 1 and 3 years.,,0,1,0,0,0,0,,Intermediate,0,1,1,0,0,,0,0,1,0,0,0,0,0,,Master's degree or higher education,,0,,,,,,,,,,,,,,,1,Usually,Strongly disagree,Strongly disagree,Strongly agree,Strongly agree,,Agree,Strongly disagree,Strongly disagree,Strongly disagree,Strongly disagree,Agree,Strongly disagree,,1,Always,Strongly disagree,Strongly agree,Strongly agree,Strongly disagree,,Disagree,Strongly disagree,Neither agree nor disagree,Strongly disagree,Strongly agree,Strongly disagree,Strongly disagree,,1,Always,Strongly disagree,Neither agree nor disagree,Strongly agree,Agree,,Strongly agree,Strongly disagree,Strongly disagree,Strongly disagree,Strongly disagree,Strongly disagree,Strongly agree,,0,,,,,,,,,,,,,,,1,Rarely,Agree,Strongly disagree,Strongly agree,Strongly disagree,,Strongly agree,Strongly disagree,Strongly disagree,Strongly disagree,Neither agree nor disagree,Strongly agree,Neither agree nor disagree,,0,,,,,,,,,,,,,,,1,Sometimes,Strongly disagree,Neither agree nor disagree,Agree,Strongly disagree,,Neither agree nor disagree,Strongly disagree,Neither agree nor disagree,Strongly agree,Strongly agree,Neither agree nor disagree,Strongly disagree,,0,,,,,,,,,,,,,,,0,,,,,,,,,,,,,,,1,Usually,Neither agree nor disagree,Neither agree nor disagree,Strongly agree,Strongly disagree,,Strongly disagree,Strongly disagree,Neither agree nor disagree,Strongly disagree,Strongly agree,Agree,Strongly disagree,,0,,,,,,,,,,,,,,,0,,,,,,,,,,,,,,,0,,,,,,,,,,,,,,,0,,,,,,,,,,,,,,,1,Always,Agree,Strongly agree,Strongly agree,Neither agree nor disagree,,Strongly agree,Strongly disagree,Strongly disagree,Strongly disagree,Strongly disagree,Strongly disagree,Strongly disagree,
14018406935,1,0,0,0,0,,UML,,0,0,1,1,1,0,0,1,0,0,0,,Draw.io,,More than 3 years,7,1,1,1,1,0,0,,Advanced,1,1,0,0,0,,1,0,1,0,0,0,0,0,,Bachelor's degree,,0,,,,,,,,,,,,,,,1,Sometimes,Strongly agree,Strongly agree,Agree,Neither agree nor disagree,,Agree,Strongly disagree,Neither agree nor disagree,Neither agree nor disagree,Agree,Neither agree nor disagree,Neither agree nor disagree,,0,,,,,,,,,,,,,,,1,Usually,Agree,Agree,Strongly agree,Strongly disagree,,Neither agree nor disagree,Neither agree nor disagree,Neither agree nor disagree,Agree,Agree,Agree,Agree,,0,,,,,,,,,,,,,,,1,Usually,Strongly disagree,Strongly disagree,Strongly agree,Neither agree nor disagree,,Strongly agree,Disagree,Disagree,Disagree,Neither agree nor disagree,Disagree,Disagree,,0,,,,,,,,,,,,,,,0,,,,,,,,,,,,,,,0,,,,,,,,,,,,,,,1,Sometimes,Strongly agree,Strongly agree,Strongly agree,Strongly agree,,Disagree,Agree,Disagree,Agree,Agree,Agree,Strongly disagree,,0,,,,,,,,,,,,,,,1,Usually,Strongly agree,Strongly agree,Strongly agree,Strongly disagree,,Strongly agree,Strongly disagree,Strongly disagree,Strongly disagree,Strongly disagree,Strongly disagree,Strongly disagree,,1,Sometimes,Strongly agree,Strongly agree,Strongly agree,Strongly agree,,Disagree,Strongly agree,Agree,Strongly agree,Strongly agree,Neither agree nor disagree,Disagree,,0,,,,,,,,,,,,,,,1,Usually,Strongly agree,Strongly agree,Strongly agree,Strongly disagree,,Strongly agree,Strongly disagree,Strongly disagree,Strongly disagree,Strongly disagree,Strongly disagree,Strongly disagree,,0,,,,,,,,,,,,,,
14018395714,1,0,1,0,0,,UML,,0,0,0,0,0,1,0,0,0,0,0,,ArgoUML,,Between 1 and 3 years.,,1,1,1,1,1,0,,Beginner,1,1,0,0,0,,1,0,0,0,0,0,0,0,,Bachelor's degree,,1,N/A,Agree,Agree,Agree,Neither agree nor disagree,,Neither agree nor disagree,Neither agree nor disagree,Neither agree nor disagree,Neither agree nor disagree,Neither agree nor disagree,Neither agree nor disagree,Neither agree nor disagree,,0,,,,,,,,,,,,,,,0,,,,,,,,,,,,,,,0,,,,,,,,,,,,,,,0,,,,,,,,,,,,,,,0,,,,,,,,,,,,,,,0,,,,,,,,,,,,,,,0,,,,,,,,,,,,,,,0,,,,,,,,,,,,,,,0,,,,,,,,,,,,,,,0,,,,,,,,,,,,,,,0,,,,,,,,,,,,,,,0,,,,,,,,,,,,,,,0,,,,,,,,,,,,,,,0,,,,,,,,,,,,,,,0,,,,,,,,,,,,,,
14018369599,1,0,1,1,0,,UML,,0,0,1,1,1,0,0,0,0,0,0,,Draw.io,,Between 1 and 3 years.,,0,0,1,1,1,0,,Advanced,0,0,1,0,1,Finance,1,0,0,0,0,1,1,0,,Master's degree or higher education,,1,Usually,Agree,Agree,Neither agree nor disagree,Strongly disagree,,Neither agree nor disagree,Strongly agree,Neither agree nor disagree,Strongly disagree,Agree,Neither agree nor disagree,Agree,,1,Sometimes,Agree,Agree,Neither agree nor disagree,Strongly disagree,,Strongly disagree,Strongly disagree,Strongly disagree,Strongly disagree,Strongly disagree,Strongly disagree,Strongly disagree,,1,Sometimes,Strongly agree,Strongly disagree,Neither agree nor disagree,Strongly disagree,,Strongly disagree,Strongly disagree,Agree,Strongly disagree,Agree,Strongly agree,Neither agree nor disagree,,0,,,,,,,,,,,,,,,1,Rarely,Disagree,Disagree,Neither agree nor disagree,Neither agree nor disagree,,Agree,Agree,Neither agree nor disagree,Neither agree nor disagree,Neither agree nor disagree,Neither agree nor disagree,Neither agree nor disagree,,1,Rarely,Neither agree nor disagree,Strongly disagree,Neither agree nor disagree,Strongly agree,,Strongly agree,Strongly agree,Strongly agree,Strongly agree,Strongly agree,Strongly agree,Neither agree nor disagree,,0,,,,,,,,,,,,,,,1,Usually,Strongly agree,Strongly agree,Strongly agree,Strongly disagree,,Strongly agree,Disagree,Neither agree nor disagree,Neither agree nor disagree,Neither agree nor disagree,Neither agree nor disagree,Neither agree nor disagree,,0,,,,,,,,,,,,,,,1,Always,Strongly disagree,Strongly disagree,Strongly agree,Strongly disagree,,Strongly agree,Strongly disagree,Strongly disagree,Strongly disagree,Neither agree nor disagree,Strongly agree,Strongly agree,,1,Always,Strongly disagree,Strongly disagree,Strongly disagree,Strongly disagree,,Strongly disagree,Strongly disagree,Strongly disagree,Strongly agree,Strongly agree,Strongly disagree,Strongly disagree,,1,Rarely,Strongly disagree,Strongly disagree,Strongly disagree,Strongly disagree,,Strongly agree,Strongly disagree,Strongly agree,Strongly disagree,Strongly agree,Strongly disagree,Strongly agree,,0,,,,,,,,,,,,,,,0,,,,,,,,,,,,,,,0,,,,,,,,,,,,,,,0,,,,,,,,,,,,,,
14018369093,1,0,1,0,0,,UML,,0,1,1,0,1,0,0,0,0,0,0,,Draw.io,,More than 3 years,16,1,1,1,0,1,0,,Intermediate,1,1,1,0,0,,1,0,0,0,0,1,0,0,,Master's degree or higher education,,1,Sometimes,Agree,Agree,Strongly agree,Strongly agree,,Agree,Disagree,Neither agree nor disagree,Disagree,Disagree,Agree,Strongly disagree,,1,Sometimes,Disagree,Disagree,Agree,Neither agree nor disagree,,Agree,Strongly disagree,Strongly agree,Agree,Agree,Disagree,Strongly disagree,,1,Sometimes,Agree,Agree,Agree,Agree,,Agree,Disagree,Agree,Agree,Agree,Agree,Strongly disagree,,1,Sometimes,Agree,Agree,Agree,Agree,,Agree,Disagree,Agree,Agree,Agree,Agree,Strongly disagree,,0,,,,,,,,,,,,,,,0,,,,,,,,,,,,,,,1,Usually,Agree,Neither agree nor disagree,Neither agree nor disagree,Neither agree nor disagree,,Agree,Disagree,Agree,Agree,Agree,Agree,Strongly disagree,,0,,,,,,,,,,,,,,,0,,,,,,,,,,,,,,,0,,,,,,,,,,,,,,,0,,,,,,,,,,,,,,,1,Usually,Agree,Disagree,Agree,Agree,,Disagree,Disagree,Agree,Agree,Agree,Agree,Strongly disagree,,1,Usually,Agree,Agree,Agree,Agree,,Disagree,Agree,Agree,Agree,Agree,Agree,Strongly disagree,,1,Usually,Agree,Agree,Agree,Agree,,Disagree,Agree,Agree,Agree,Agree,Agree,Strongly disagree,,0,,,,,,,,,,,,,,,0,,,,,,,,,,,,,,
14018306063,1,0,1,1,1,RDFS/SHACL,Other,RDFS/SHACL,0,0,0,0,0,0,0,0,0,0,1,TopBraid EDG,Other (please specify),TopBraid EDG,More than 3 years,30,1,1,0,0,1,0,,Expert,0,0,0,1,0,,0,0,0,0,1,1,1,0,,Master's degree or higher education,,0,,,,,,,,,,,,,,,0,,,,,,,,,,,,,,,0,,,,,,,,,,,,,,,1,Sometimes,Strongly disagree,Agree,Strongly disagree,Strongly disagree,,Disagree,Strongly disagree,Neither agree nor disagree,Strongly disagree,Agree,Agree,Strongly disagree,,0,,,,,,,,,,,,,,,0,,,,,,,,,,,,,,,0,,,,,,,,,,,,,,,0,,,,,,,,,,,,,,,0,,,,,,,,,,,,,,,0,,,,,,,,,,,,,,,1,Usually,Strongly agree,Agree,Agree,Strongly disagree,,Neither agree nor disagree,Strongly disagree,Strongly disagree,Strongly disagree,Strongly disagree,Agree,Strongly disagree,,0,,,,,,,,,,,,,,,0,,,,,,,,,,,,,,,1,Sometimes,Neither agree nor disagree,Agree,Agree,Strongly disagree,,Neither agree nor disagree,Strongly disagree,Agree,Strongly disagree,Strongly disagree,Strongly disagree,Strongly disagree,,0,,,,,,,,,,,,,,,0,,,,,,,,,,,,,,
14018287886,1,0,0,0,1,OWL2 DL,Other,OWL,0,1,0,0,0,0,1,0,1,0,0,,MagicDraw,,More than 3 years,23,0,1,1,0,0,0,,Expert,0,0,1,0,0,,0,0,0,0,0,1,1,0,,Bachelor's degree,,0,,,,,,,,,,,,,,,1,Sometimes,Strongly disagree,Disagree,Disagree,Strongly disagree,,Agree,Disagree,Neither agree nor disagree,Neither agree nor disagree,Agree,Disagree,Strongly disagree,Aim to educate stakeholders on what CM is really for,0,,,,,,,,,,,,,,,1,Usually,Strongly disagree,Strongly disagree,Strongly disagree,Strongly disagree,Education of SMEs needed to understand the nature of words v concepts,Agree,Neither agree nor disagree,Agree,Neither agree nor disagree,Strongly agree,Agree,Strongly disagree,Education of SMEs; improve process,1,Always,Strongly disagree,Agree,Strongly disagree,Strongly disagree,More a reality than a frustration.,Disagree,Agree,Strongly agree,Agree,Strongly agree,Strongly agree,Strongly disagree,Would change to a tool that better conveys meanings if one existed.,1,Usually,Strongly disagree,Strongly disagree,Strongly disagree,Strongly disagree,The difficulty is built on - not really a frustration but a requirement,Agree,Disagree,Disagree,Agree,Strongly agree,Agree,Strongly disagree,Explaining the model to SMEs is a requirement; would use better tools if they existed. Improved methods.,0,,,,,,,,,,,,,,,1,Sometimes,Strongly disagree,Agree,Strongly disagree,Strongly disagree,,Disagree,Agree,Agree,Agree,Neither agree nor disagree,Strongly agree,Strongly disagree,Poor modularization choices but good metadata design - hard for current tools to consume but complexity of the domain is real.,0,,,,,,,,,,,,,,,1,Always,Strongly disagree,Agree,Strongly disagree,Strongly disagree,I felt frustrated because it didn't exist.,Agree,Agree,Strongly agree,Agree,Strongly agree,Agree,Strongly disagree,Identified what the needed tool would be like but it hasn't been built. Helped develop Cameo Concept Modeler to partly address.,1,Always,Strongly disagree,Agree,Strongly disagree,Strongly disagree,,Disagree,Disagree,Agree,Strongly agree,Strongly agree,Agree,Strongly disagree,Remains an issue but CCM has some workarounds.,0,,,,,,,,,,,,,,,1,Always,Strongly disagree,Strongly disagree,Strongly disagree,Strongly disagree,,Agree,Disagree,Agree,Disagree,Disagree,Agree,Strongly disagree,,1,Sometimes,Strongly disagree,Strongly disagree,Agree,Strongly disagree,,Agree,Disagree,Disagree,Agree,Agree,Strongly agree,Strongly disagree,Education. Also tried to point out examples of incoherent classification in existing company data structures.,0,,,,,,,,,,,,,,,0,,,,,,,,,,,,,,
14018246122,1,1,1,0,0,,UML,,1,0,0,0,1,0,0,0,0,0,0,,Visual Paradigm,,More than 3 years,5,0,1,0,1,0,0,,Intermediate,1,1,0,0,0,,1,0,0,0,0,1,1,0,,Master's degree or higher education,,1,Sometimes,Agree,Neither agree nor disagree,Agree,Neither agree nor disagree,,Disagree,Disagree,Agree,Agree,Agree,Neither agree nor disagree,Strongly disagree,,0,,,,,,,,,,,,,,,1,Usually,Agree,Disagree,Agree,Disagree,,Disagree,Disagree,Disagree,Disagree,Agree,Agree,Agree,,0,,,,,,,,,,,,,,,0,,,,,,,,,,,,,,,0,,,,,,,,,,,,,,,0,,,,,,,,,,,,,,,1,Usually,Agree,Agree,Agree,Disagree,,Disagree,Disagree,Agree,Disagree,Neither agree nor disagree,Agree,Disagree,,0,,,,,,,,,,,,,,,0,,,,,,,,,,,,,,,0,,,,,,,,,,,,,,,0,,,,,,,,,,,,,,,0,,,,,,,,,,,,,,,0,,,,,,,,,,,,,,,0,,,,,,,,,,,,,,,0,,,,,,,,,,,,,,
14018229605,1,0,1,0,0,,ER / EER,,0,0,0,1,0,0,0,0,0,0,0,,Lucidchart,,More than 3 years,40,0,1,0,0,0,0,,Expert,1,1,0,0,0,,0,0,0,0,0,1,0,0,,Master's degree or higher education,,0,,,,,,,,,,,,,,,0,,,,,,,,,,,,,,,0,,,,,,,,,,,,,,,0,,,,,,,,,,,,,,,1,Sometimes,Strongly disagree,Strongly disagree,Strongly disagree,Strongly disagree,,Disagree,Strongly disagree,Strongly disagree,Strongly disagree,Strongly disagree,Strongly disagree,Strongly disagree,,0,,,,,,,,,,,,,,,0,,,,,,,,,,,,,,,1,Sometimes,Strongly disagree,Neither agree nor disagree,Disagree,Strongly disagree,,Disagree,Strongly disagree,Strongly disagree,Strongly disagree,Strongly disagree,Strongly disagree,Strongly disagree,,0,,,,,,,,,,,,,,,0,,,,,,,,,,,,,,,0,,,,,,,,,,,,,,,0,,,,,,,,,,,,,,,1,Sometimes,Neither agree nor disagree,Agree,Strongly disagree,Strongly disagree,,Disagree,Strongly disagree,Strongly disagree,Strongly disagree,Strongly disagree,Strongly disagree,Strongly disagree,,1,Sometimes,Disagree,Neither agree nor disagree,Strongly disagree,Strongly disagree,,Disagree,Strongly disagree,Strongly disagree,Strongly disagree,Strongly disagree,Strongly disagree,Strongly disagree,,0,,,,,,,,,,,,,,,0,,,,,,,,,,,,,,
14018219409,1,1,1,0,0,,UML,,1,1,0,0,0,0,0,0,0,0,0,,Enterprise Architect (Sparx Systems),,More than 3 years,15,1,1,0,0,0,0,,Expert,1,0,1,1,0,,0,0,0,0,0,1,1,0,,Master's degree or higher education,,1,Usually,Neither agree nor disagree,Agree,Neither agree nor disagree,Neither agree nor disagree,,Neither agree nor disagree,Disagree,Neither agree nor disagree,Disagree,Disagree,Disagree,Disagree,,1,Sometimes,Neither agree nor disagree,Neither agree nor disagree,Agree,Disagree,,Neither agree nor disagree,Disagree,Neither agree nor disagree,Disagree,Disagree,Disagree,Disagree,,1,Sometimes,Neither agree nor disagree,Neither agree nor disagree,Agree,Disagree,,Neither agree nor disagree,Neither agree nor disagree,Neither agree nor disagree,Neither agree nor disagree,Neither agree nor disagree,Neither agree nor disagree,Neither agree nor disagree,,1,Rarely,Agree,Agree,Agree,Disagree,,Neither agree nor disagree,Neither agree nor disagree,Neither agree nor disagree,Neither agree nor disagree,Neither agree nor disagree,Neither agree nor disagree,Neither agree nor disagree,,0,,,,,,,,,,,,,,,0,,,,,,,,,,,,,,,0,,,,,,,,,,,,,,,1,Sometimes,Neither agree nor disagree,Neither agree nor disagree,Neither agree nor disagree,Neither agree nor disagree,,Neither agree nor disagree,Neither agree nor disagree,Neither agree nor disagree,Neither agree nor disagree,Neither agree nor disagree,Neither agree nor disagree,Neither agree nor disagree,,1,Sometimes,Neither agree nor disagree,Agree,Disagree,Disagree,,Neither agree nor disagree,Neither agree nor disagree,Neither agree nor disagree,Neither agree nor disagree,Neither agree nor disagree,Neither agree nor disagree,Neither agree nor disagree,,1,Rarely,Agree,Agree,Neither agree nor disagree,Disagree,,Neither agree nor disagree,Neither agree nor disagree,Neither agree nor disagree,Neither agree nor disagree,Neither agree nor disagree,Neither agree nor disagree,Neither agree nor disagree,,0,,,,,,,,,,,,,,,0,,,,,,,,,,,,,,,0,,,,,,,,,,,,,,,1,Sometimes,Agree,Agree,Neither agree nor disagree,Disagree,,Neither agree nor disagree,Neither agree nor disagree,Neither agree nor disagree,Neither agree nor disagree,Neither agree nor disagree,Neither agree nor disagree,Neither agree nor disagree,,0,,,,,,,,,,,,,,,0,,,,,,,,,,,,,,
14018206803,1,1,0,0,0,,OntoUML,,1,0,0,0,0,0,0,0,0,0,0,,Visual Paradigm,,Between 1 and 3 years.,,0,1,0,0,0,0,,Beginner,1,1,0,0,0,,1,0,0,0,0,0,0,0,,Bachelor's degree,,0,,,,,,,,,,,,,,,1,Sometimes,Strongly disagree,Strongly disagree,Agree,Neither agree nor disagree,,Agree,Strongly disagree,Strongly disagree,Strongly disagree,Strongly disagree,Strongly disagree,Neither agree nor disagree,,0,,,,,,,,,,,,,,,0,,,,,,,,,,,,,,,0,,,,,,,,,,,,,,,0,,,,,,,,,,,,,,,0,,,,,,,,,,,,,,,0,,,,,,,,,,,,,,,1,Usually,Neither agree nor disagree,Agree,Strongly disagree,Strongly disagree,,Strongly agree,Strongly disagree,Neither agree nor disagree,Strongly disagree,Strongly disagree,Strongly disagree,Strongly disagree,,0,,,,,,,,,,,,,,,1,Sometimes,Strongly disagree,Agree,Neither agree nor disagree,Strongly disagree,,Strongly agree,Strongly disagree,Neither agree nor disagree,Strongly disagree,Strongly disagree,Strongly disagree,Strongly disagree,,0,,,,,,,,,,,,,,,0,,,,,,,,,,,,,,,0,,,,,,,,,,,,,,,0,,,,,,,,,,,,,,,1,Sometimes,Strongly disagree,Strongly disagree,Neither agree nor disagree,Strongly disagree,,Strongly agree,Strongly disagree,Agree,Strongly disagree,Strongly disagree,Strongly disagree,Strongly disagree,
14018203404,1,1,1,1,0,,OntoUML,,0,0,0,0,1,0,0,0,0,0,0,,Draw.io,,More than 3 years,15,1,1,1,1,1,0,,Expert,1,0,1,1,0,,0,0,0,0,1,1,1,0,,Master's degree or higher education,,1,Rarely,Strongly disagree,Agree,Agree,Strongly disagree,,Strongly disagree,Strongly disagree,Strongly disagree,Strongly disagree,Strongly disagree,Strongly disagree,Strongly disagree,Lead me to force principals to agree on a use case,0,,,,,,,,,,,,,,,1,Usually,Strongly disagree,Strongly disagree,Strongly disagree,Strongly disagree,Detailing the requirements of the model is part of the modeling job. How expressive do we need it to be?,Strongly disagree,Strongly disagree,Strongly disagree,Strongly disagree,Strongly disagree,Strongly disagree,Strongly disagree,"After detailing questions that must be answered in term of the model and ones that do not, we continue the modeling process",1,Usually,Strongly disagree,Strongly disagree,Strongly disagree,Strongly disagree,I consider this more of a challenge than a frustration,Strongly disagree,Strongly disagree,Strongly disagree,Strongly disagree,Strongly disagree,Strongly disagree,Strongly disagree,"We change the terminology, dig up an authoritative source, and so on",1,Always,Strongly disagree,Strongly disagree,Strongly disagree,Strongly disagree,"Again, this is an important task for which I am paid well, so more of a challenge than a frustration",Strongly disagree,Strongly disagree,Strongly disagree,Strongly disagree,Strongly disagree,Strongly disagree,Strongly disagree,Follow the process and iteratively create a verbalization that everyone agrees with,0,,,,,,,,,,,,,,,0,,,,,,,,,,,,,,,0,,,,,,,,,,,,,,,0,,,,,,,,,,,,,,,0,,,,,,,,,,,,,,,0,,,,,,,,,,,,,,,0,,,,,,,,,,,,,,,1,Sometimes,Strongly disagree,Strongly disagree,Strongly disagree,Strongly disagree,More of a challenge than a frustration. Only some aspects of verifying quality can be done automatically. Using a manual process does not add significantly to cost. Automatic verification can be useful but is seldomly the only way.,Strongly disagree,Strongly disagree,Strongly disagree,Strongly disagree,Strongly disagree,Strongly disagree,Strongly disagree,,0,,,,,,,,,,,,,,,0,,,,,,,,,,,,,,,0,,,,,,,,,,,,,,
14018200337,1,0,1,0,0,,UML,,1,1,0,1,1,0,0,0,0,0,0,,Visual Paradigm,,More than 3 years,27,1,1,1,1,1,0,,Expert,1,1,1,0,0,,1,0,0,1,0,1,1,0,,Master's degree or higher education,,1,Sometimes,Agree,Neither agree nor disagree,Agree,Strongly disagree,,Disagree,Disagree,Agree,Neither agree nor disagree,Strongly agree,Agree,Strongly disagree,,0,,,,,,,,,,,,,,,0,,,,,,,,,,,,,,,1,Sometimes,Disagree,Neither agree nor disagree,Strongly disagree,Strongly disagree,,Disagree,Disagree,Agree,Agree,Agree,Neither agree nor disagree,Disagree,,1,Sometimes,Agree,Neither agree nor disagree,Disagree,Strongly disagree,,Disagree,Disagree,Agree,Agree,Agree,Neither agree nor disagree,Strongly disagree,,1,Sometimes,Disagree,Disagree,Disagree,Strongly disagree,,Neither agree nor disagree,Disagree,Neither agree nor disagree,Neither agree nor disagree,Disagree,Disagree,Strongly disagree,,0,,,,,,,,,,,,,,,1,Sometimes,Agree,Agree,Neither agree nor disagree,Strongly disagree,,Disagree,Disagree,Disagree,Agree,Agree,Agree,Strongly disagree,,1,Sometimes,Strongly agree,Strongly agree,Disagree,Strongly disagree,,Disagree,Disagree,Disagree,Agree,Disagree,Agree,Strongly disagree,,0,,,,,,,,,,,,,,,1,Usually,Neither agree nor disagree,Agree,Neither agree nor disagree,Strongly disagree,,Agree,Strongly disagree,Strongly disagree,Strongly disagree,Strongly disagree,Neither agree nor disagree,Strongly disagree,,0,,,,,,,,,,,,,,,0,,,,,,,,,,,,,,,0,,,,,,,,,,,,,,,0,,,,,,,,,,,,,,,1,Sometimes,Disagree,Agree,Neither agree nor disagree,Strongly disagree,,Neither agree nor disagree,Disagree,Neither agree nor disagree,Disagree,Disagree,Disagree,Strongly disagree,
14017612764,1,1,1,1,0,,ER / EER,,0,1,0,1,1,0,1,0,1,0,1,Proprietary,Other (please specify),Proprietary,More than 3 years,30,1,1,1,1,1,1,I have been involved in the design and implementation of structural concept modeling tools.,Expert,1,1,1,1,0,,1,0,0,0,1,1,1,0,,Bachelor's degree,,1,Sometimes,Agree,Agree,Agree,Disagree,,Disagree,Neither agree nor disagree,Agree,Strongly agree,Strongly agree,Agree,Strongly disagree,,1,Usually,Agree,Agree,Agree,Disagree,,Strongly disagree,Strongly agree,Neither agree nor disagree,Strongly agree,Strongly agree,Strongly agree,Strongly disagree,,1,Sometimes,Agree,Agree,Agree,Strongly disagree,,Disagree,Agree,Agree,Agree,Agree,Agree,Disagree,,1,Rarely,Neither agree nor disagree,Agree,Neither agree nor disagree,Strongly disagree,,Disagree,Neither agree nor disagree,Agree,Disagree,Neither agree nor disagree,Neither agree nor disagree,Strongly disagree,,0,,,,,,,,,,,,,,,0,,,,,,,,,,,,,,,0,,,,,,,,,,,,,,,0,,,,,,,,,,,,,,,0,,,,,,,,,,,,,,,0,,,,,,,,,,,,,,,0,,,,,,,,,,,,,,,0,,,,,,,,,,,,,,,0,,,,,,,,,,,,,,,0,,,,,,,,,,,,,,,0,,,,,,,,,,,,,,,0,,,,,,,,,,,,,,
14018191047,0,1,0,0,0,,OntoUML,,1,0,0,0,0,0,0,0,0,0,0,,Visual Paradigm,,More than 3 years,8,1,1,0,0,1,0,,Intermediate,0,1,0,0,0,,0,0,0,0,0,1,0,0,,Master's degree or higher education,,1,Sometimes,Neither agree nor disagree,Neither agree nor disagree,Neither agree nor disagree,Neither agree nor disagree,,Disagree,Neither agree nor disagree,Agree,Agree,Agree,Neither agree nor disagree,Agree,,1,Sometimes,Neither agree nor disagree,Neither agree nor disagree,Neither agree nor disagree,Neither agree nor disagree,,Disagree,Agree,Agree,Agree,Agree,Neither agree nor disagree,Neither agree nor disagree,,1,Sometimes,Neither agree nor disagree,Neither agree nor disagree,Neither agree nor disagree,Neither agree nor disagree,,Neither agree nor disagree,Agree,Agree,Agree,Agree,Neither agree nor disagree,Neither agree nor disagree,,1,Sometimes,Agree,Agree,Neither agree nor disagree,Disagree,,Neither agree nor disagree,Agree,Agree,Agree,Agree,Neither agree nor disagree,Neither agree nor disagree,,1,Rarely,Neither agree nor disagree,Neither agree nor disagree,Neither agree nor disagree,Neither agree nor disagree,,Neither agree nor disagree,Neither agree nor disagree,Neither agree nor disagree,Neither agree nor disagree,Neither agree nor disagree,Neither agree nor disagree,Neither agree nor disagree,,1,Sometimes,Agree,Agree,Neither agree nor disagree,Disagree,,Disagree,Agree,Agree,Agree,Agree,Neither agree nor disagree,Neither agree nor disagree,,0,,,,,,,,,,,,,,,1,Sometimes,Disagree,Agree,Neither agree nor disagree,Disagree,,Neither agree nor disagree,Neither agree nor disagree,Agree,Agree,Agree,Neither agree nor disagree,Agree,,1,Rarely,Agree,Agree,Neither agree nor disagree,Disagree,,Disagree,Agree,Agree,Agree,Agree,Neither agree nor disagree,Neither agree nor disagree,,0,,,,,,,,,,,,,,,0,,,,,,,,,,,,,,,0,,,,,,,,,,,,,,,1,Sometimes,Neither agree nor disagree,Disagree,Neither agree nor disagree,Disagree,,Disagree,Agree,Agree,Agree,Agree,Agree,Agree,,0,,,,,,,,,,,,,,,0,,,,,,,,,,,,,,,0,,,,,,,,,,,,,,
14018188338,1,0,1,1,0,,ER / EER,,0,1,0,0,1,0,0,0,0,0,0,,Draw.io,,More than 3 years,10,1,0,0,0,0,0,,Expert,1,1,0,0,0,,0,0,0,0,0,1,0,0,,Master's degree or higher education,,0,,,,,,,,,,,,,,,0,,,,,,,,,,,,,,,0,,,,,,,,,,,,,,,1,Sometimes,Neither agree nor disagree,Agree,Agree,Strongly disagree,,Disagree,Strongly disagree,Disagree,Disagree,Disagree,Agree,Agree,,1,Rarely,Agree,Agree,Disagree,Strongly disagree,,Strongly agree,Disagree,Neither agree nor disagree,Strongly disagree,Strongly disagree,Strongly disagree,Disagree,,0,,,,,,,,,,,,,,,0,,,,,,,,,,,,,,,1,Sometimes,Agree,Agree,Agree,Strongly disagree,,Strongly agree,Neither agree nor disagree,Disagree,Neither agree nor disagree,Disagree,Strongly agree,Agree,,1,Sometimes,Strongly agree,Strongly agree,Strongly agree,Strongly disagree,,Neither agree nor disagree,Disagree,Disagree,Neither agree nor disagree,Disagree,Strongly agree,Strongly disagree,,0,,,,,,,,,,,,,,,0,,,,,,,,,,,,,,,0,,,,,,,,,,,,,,,1,Sometimes,Agree,Agree,Agree,Disagree,,Strongly agree,Strongly disagree,Strongly disagree,Agree,Neither agree nor disagree,Strongly agree,Neither agree nor disagree,,0,,,,,,,,,,,,,,,0,,,,,,,,,,,,,,,0,,,,,,,,,,,,,,
14018184101,1,1,1,1,0,,OntoUML,,1,1,0,0,1,0,0,0,0,0,1,OpenPonk ;-),Other (please specify),OpenPonk,More than 3 years,19,1,1,1,1,1,1,Leading CM teams,Expert,1,1,1,0,0,,1,1,1,1,0,0,1,0,,Master's degree or higher education,,1,Sometimes,Agree,Strongly agree,Disagree,Disagree,,Agree,Disagree,Disagree,Strongly agree,Agree,Strongly agree,Strongly disagree,,1,Usually,Neither agree nor disagree,Disagree,Agree,Neither agree nor disagree,,Disagree,Neither agree nor disagree,Disagree,Disagree,Disagree,Disagree,Agree,,0,,,,,,,,,,,,,,,0,,,,,,,,,,,,,,,0,,,,,,,,,,,,,,,0,,,,,,,,,,,,,,,0,,,,,,,,,,,,,,,0,,,,,,,,,,,,,,,0,,,,,,,,,,,,,,,0,,,,,,,,,,,,,,,0,,,,,,,,,,,,,,,0,,,,,,,,,,,,,,,0,,,,,,,,,,,,,,,0,,,,,,,,,,,,,,,0,,,,,,,,,,,,,,,0,,,,,,,,,,,,,,
14018168894,1,1,1,0,0,,OntoUML,,1,0,0,0,0,0,0,0,0,0,0,,Visual Paradigm,,Between 1 and 3 years.,,0,1,0,0,0,0,,Advanced,0,1,1,1,0,,0,0,0,0,1,1,1,0,,Master's degree or higher education,,1,Usually,Agree,Agree,Neither agree nor disagree,Disagree,,Disagree,Neither agree nor disagree,Agree,Neither agree nor disagree,Neither agree nor disagree,Agree,Agree,,1,Usually,Disagree,Disagree,Agree,Disagree,,Disagree,Neither agree nor disagree,Agree,Neither agree nor disagree,Agree,Agree,Agree,,1,Usually,Agree,Agree,Agree,Disagree,,Neither agree nor disagree,Disagree,Agree,Disagree,Agree,Agree,Agree,,1,Usually,Strongly agree,Strongly agree,Strongly agree,Disagree,,Disagree,Agree,Agree,Neither agree nor disagree,Agree,Agree,Agree,,1,Sometimes,Agree,Agree,Agree,Disagree,,Disagree,Neither agree nor disagree,Agree,Disagree,Agree,Agree,Agree,,1,Usually,Agree,Agree,Agree,Disagree,,Disagree,Neither agree nor disagree,Agree,Disagree,Agree,Agree,Agree,,1,Sometimes,Neither agree nor disagree,Neither agree nor disagree,Neither agree nor disagree,Disagree,,Neither agree nor disagree,Disagree,Agree,Agree,Agree,Agree,Neither agree nor disagree,,1,Usually,Agree,Agree,Agree,Disagree,,Disagree,Agree,Neither agree nor disagree,Agree,Agree,Agree,Agree,,1,Sometimes,Agree,Agree,Agree,Disagree,,Agree,Disagree,Disagree,Agree,Disagree,Disagree,Neither agree nor disagree,,1,Usually,Neither agree nor disagree,Agree,Agree,Disagree,,Agree,Disagree,Disagree,Agree,Disagree,Agree,Disagree,,1,Usually,Agree,Agree,Agree,Disagree,,Disagree,Disagree,Neither agree nor disagree,Neither agree nor disagree,Agree,Agree,Neither agree nor disagree,,1,Sometimes,Neither agree nor disagree,Agree,Agree,Neither agree nor disagree,,Neither agree nor disagree,Disagree,Agree,Neither agree nor disagree,Agree,Neither agree nor disagree,Agree,,1,Rarely,Agree,Agree,Agree,Disagree,,Disagree,Disagree,Agree,Agree,Disagree,Disagree,Neither agree nor disagree,,1,Usually,Agree,Neither agree nor disagree,Agree,Disagree,,Disagree,Agree,Disagree,Disagree,Agree,Agree,Agree,,1,Sometimes,Neither agree nor disagree,Agree,Agree,Agree,,Disagree,Agree,Agree,Neither agree nor disagree,Agree,Agree,Agree,,1,Sometimes,Agree,Agree,Agree,Disagree,,Disagree,Agree,Agree,Agree,Agree,Agree,Agree,
14018166662,1,0,1,0,0,,ER / EER,,1,0,0,1,0,0,0,0,0,0,0,,Lucidchart,,More than 3 years,30,1,1,0,1,0,0,,Expert,1,1,0,0,0,,0,0,1,1,0,0,0,0,,Master's degree or higher education,,1,Sometimes,Disagree,Disagree,Agree,Disagree,,Disagree,Disagree,Agree,Disagree,Disagree,Disagree,Disagree,,0,,,,,,,,,,,,,,,0,,,,,,,,,,,,,,,0,,,,,,,,,,,,,,,0,,,,,,,,,,,,,,,0,,,,,,,,,,,,,,,0,,,,,,,,,,,,,,,0,,,,,,,,,,,,,,,0,,,,,,,,,,,,,,,0,,,,,,,,,,,,,,,0,,,,,,,,,,,,,,,1,Sometimes,Disagree,Disagree,Disagree,Disagree,,Disagree,Disagree,Disagree,Disagree,Disagree,Disagree,Disagree,,1,Sometimes,Disagree,Disagree,Disagree,Disagree,,Disagree,Disagree,Disagree,Disagree,Disagree,Disagree,Disagree,,0,,,,,,,,,,,,,,,1,Sometimes,Disagree,Disagree,Disagree,Disagree,,Disagree,Disagree,Disagree,Disagree,Disagree,Disagree,Disagree,,1,Sometimes,Disagree,Disagree,Disagree,Disagree,,Disagree,Disagree,Disagree,Disagree,Disagree,Disagree,Disagree,
14018153515,1,0,1,0,1,"Owl, OKBC",ER / EER,,0,0,0,0,0,0,0,0,0,0,1,Bee-Up,Other (please specify),Bee-Up,More than 3 years,20,1,1,1,1,1,0,,Expert,1,1,0,0,0,,1,0,0,0,0,0,1,0,,Master's degree or higher education,,1,Rarely,Disagree,Strongly disagree,Disagree,Disagree,,Agree,Neither agree nor disagree,Agree,Disagree,Disagree,Neither agree nor disagree,Strongly disagree,,1,Sometimes,Disagree,Agree,Neither agree nor disagree,Disagree,,Neither agree nor disagree,Disagree,Strongly agree,Neither agree nor disagree,Disagree,Strongly disagree,Strongly disagree,,0,,,,,,,,,,,,,,,0,,,,,,,,,,,,,,,0,,,,,,,,,,,,,,,0,,,,,,,,,,,,,,,0,,,,,,,,,,,,,,,0,,,,,,,,,,,,,,,1,Sometimes,Neither agree nor disagree,Agree,Disagree,Disagree,,Agree,Disagree,Disagree,Disagree,Disagree,Disagree,Disagree,,0,,,,,,,,,,,,,,,0,,,,,,,,,,,,,,,0,,,,,,,,,,,,,,,0,,,,,,,,,,,,,,,0,,,,,,,,,,,,,,,0,,,,,,,,,,,,,,,0,,,,,,,,,,,,,,
14018152285,1,0,1,0,0,,UML,,0,1,0,0,0,0,0,0,0,0,0,,Enterprise Architect (Sparx Systems),,Between 1 and 3 years.,,1,1,1,1,1,0,,Advanced,0,0,1,0,0,,0,0,0,0,1,1,1,0,,Bachelor's degree,,1,Sometimes,Neither agree nor disagree,Neither agree nor disagree,Neither agree nor disagree,Disagree,,Agree,Disagree,Agree,Disagree,Agree,Disagree,Disagree,,1,Sometimes,Disagree,Disagree,Disagree,Disagree,,Agree,Disagree,Disagree,Disagree,Agree,Disagree,Disagree,,0,,,,,,,,,,,,,,,1,Sometimes,Disagree,Disagree,Disagree,Disagree,,Agree,Disagree,Agree,Disagree,Agree,Disagree,Disagree,,0,,,,,,,,,,,,,,,1,Sometimes,Disagree,Disagree,Disagree,Disagree,,Disagree,Disagree,Agree,Disagree,Agree,Disagree,Disagree,,0,,,,,,,,,,,,,,,0,,,,,,,,,,,,,,,0,,,,,,,,,,,,,,,0,,,,,,,,,,,,,,,0,,,,,,,,,,,,,,,0,,,,,,,,,,,,,,,0,,,,,,,,,,,,,,,1,Sometimes,Disagree,Disagree,Disagree,Disagree,,Agree,Disagree,Agree,Disagree,Agree,Disagree,Disagree,,0,,,,,,,,,,,,,,,0,,,,,,,,,,,,,,
14018151913,1,0,1,1,1,Pre-conceptual schemas,UML,,0,0,0,1,1,0,1,0,0,0,1,EMF (Eclipse Modelling Framework),Draw.io,,More than 3 years,7,1,1,1,1,1,1,I have involved in transforming structural conceptual models into code (manually or automatically),Expert,1,1,0,0,1,Software development,1,0,1,1,0,1,1,0,,Master's degree or higher education,,0,,,,,,,,,,,,,,,1,Usually,Agree,Disagree,Disagree,Disagree,,Agree,Neither agree nor disagree,Neither agree nor disagree,Neither agree nor disagree,Disagree,Neither agree nor disagree,Strongly disagree,,0,,,,,,,,,,,,,,,0,,,,,,,,,,,,,,,1,Usually,Agree,Agree,Agree,Neither agree nor disagree,,Disagree,Agree,Agree,Neither agree nor disagree,Disagree,Neither agree nor disagree,Disagree,,1,Usually,Strongly agree,Neither agree nor disagree,Neither agree nor disagree,Strongly agree,,Agree,Neither agree nor disagree,Neither agree nor disagree,Neither agree nor disagree,Neither agree nor disagree,Neither agree nor disagree,Disagree,,0,,,,,,,,,,,,,,,1,Always,Disagree,Agree,Agree,Disagree,,Agree,Disagree,Disagree,Disagree,Disagree,Disagree,Disagree,,0,,,,,,,,,,,,,,,0,,,,,,,,,,,,,,,1,Usually,Disagree,Agree,Disagree,Disagree,,Neither agree nor disagree,Neither agree nor disagree,Neither agree nor disagree,Neither agree nor disagree,Neither agree nor disagree,Neither agree nor disagree,Neither agree nor disagree,,1,Usually,Neither agree nor disagree,Neither agree nor disagree,Neither agree nor disagree,Neither agree nor disagree,,Strongly agree,Neither agree nor disagree,Neither agree nor disagree,Neither agree nor disagree,Neither agree nor disagree,Neither agree nor disagree,Neither agree nor disagree,,1,Sometimes,Neither agree nor disagree,Agree,Neither agree nor disagree,Neither agree nor disagree,,Neither agree nor disagree,Neither agree nor disagree,Neither agree nor disagree,Neither agree nor disagree,Neither agree nor disagree,Neither agree nor disagree,Neither agree nor disagree,,0,,,,,,,,,,,,,,,0,,,,,,,,,,,,,,,0,,,,,,,,,,,,,,
14018114462,1,1,0,0,0,,OntoUML,,1,0,0,1,1,0,0,0,0,0,0,,Visual Paradigm,,Between 1 and 3 years.,,1,1,1,1,1,0,,Intermediate,1,1,1,0,0,,1,0,1,0,0,0,1,0,,Bachelor's degree,,1,Sometimes,Disagree,Agree,Neither agree nor disagree,Neither agree nor disagree,,Strongly disagree,Strongly agree,Strongly agree,Strongly disagree,Disagree,Disagree,Strongly disagree,"It is completelly normal to feel that when when working with a new domain, and sometimes not even the stakeholders are completelly familiar with it. Its a part of the process of conceptual modeling to deeply study the domain field.",0,,,,,,,,,,,,,,,0,,,,,,,,,,,,,,,1,Usually,Disagree,Disagree,Disagree,Disagree,,Neither agree nor disagree,Neither agree nor disagree,Strongly agree,Strongly disagree,Agree,Agree,Strongly disagree,,1,Sometimes,Strongly disagree,Strongly disagree,Strongly disagree,Agree,,Strongly disagree,Strongly disagree,Strongly agree,Strongly agree,Strongly agree,Agree,Strongly disagree,,0,,,,,,,,,,,,,,,0,,,,,,,,,,,,,,,0,,,,,,,,,,,,,,,1,Sometimes,Neither agree nor disagree,Neither agree nor disagree,Disagree,Strongly disagree,,Strongly disagree,Strongly agree,Strongly agree,Neither agree nor disagree,Agree,Neither agree nor disagree,Strongly disagree,,0,,,,,,,,,,,,,,,0,,,,,,,,,,,,,,,0,,,,,,,,,,,,,,,0,,,,,,,,,,,,,,,0,,,,,,,,,,,,,,,1,Rarely,Disagree,Disagree,Strongly disagree,Disagree,,Disagree,Strongly disagree,Strongly agree,Strongly disagree,Agree,Agree,Disagree,,0,,,,,,,,,,,,,,
14018091181,0,0,1,0,0,,ER / EER,,0,1,0,0,1,0,0,0,0,0,1,"Excel, Visio, Word, anything goes",Enterprise Architect (Sparx Systems),,Between 1 and 3 years.,,0,1,0,0,0,0,,Beginner,0,0,0,1,0,,0,0,0,0,1,1,1,0,,Master's degree or higher education,,1,Usually,Disagree,Neither agree nor disagree,Agree,Strongly agree,,Agree,Strongly disagree,Agree,Strongly disagree,Disagree,Disagree,Agree,,1,Usually,Neither agree nor disagree,Agree,Agree,Agree,,Agree,Strongly disagree,Neither agree nor disagree,Strongly disagree,Strongly disagree,Strongly disagree,Agree,,0,,,,,,,,,,,,,,,1,Usually,Agree,Agree,Agree,Agree,,Disagree,Strongly disagree,Strongly disagree,Strongly disagree,Strongly disagree,Strongly disagree,Agree,,1,Usually,Neither agree nor disagree,Agree,Agree,Agree,,Agree,Strongly disagree,Agree,Strongly disagree,Strongly disagree,Strongly disagree,Agree,,1,Usually,Agree,Agree,Agree,Agree,,Agree,Strongly disagree,Neither agree nor disagree,Strongly disagree,Strongly disagree,Strongly disagree,Agree,,0,,,,,,,,,,,,,,,1,Always,Agree,Agree,Agree,Agree,,Agree,Strongly disagree,Neither agree nor disagree,Strongly disagree,Strongly disagree,Strongly disagree,Agree,,1,Always,Strongly agree,Agree,Agree,Agree,,Agree,Disagree,Neither agree nor disagree,Strongly disagree,Strongly disagree,Strongly disagree,Agree,,1,Always,Strongly agree,Strongly agree,Strongly agree,Agree,,Agree,Strongly disagree,Neither agree nor disagree,Strongly disagree,Strongly disagree,Strongly disagree,Agree,,1,Sometimes,Agree,Agree,Agree,Agree,,Agree,Strongly disagree,Strongly disagree,Strongly disagree,Strongly disagree,Strongly disagree,Agree,,1,Always,Strongly agree,Strongly agree,Strongly agree,Strongly agree,,Agree,Strongly disagree,Neither agree nor disagree,Strongly disagree,Strongly disagree,Strongly disagree,Agree,,0,,,,,,,,,,,,,,,1,Always,Agree,Agree,Agree,Agree,,Agree,Strongly disagree,Neither agree nor disagree,Strongly disagree,Strongly disagree,Strongly disagree,Agree,,1,Always,Agree,Agree,Agree,Agree,,Agree,Strongly disagree,Neither agree nor disagree,Strongly disagree,Strongly disagree,Strongly disagree,Agree,,1,Sometimes,Agree,Agree,Agree,Agree,,Agree,Strongly disagree,Neither agree nor disagree,Strongly disagree,Strongly disagree,Strongly disagree,Agree,
14018083428,1,1,0,0,0,,UML,,1,1,0,0,0,0,1,0,0,0,0,,MagicDraw,,More than 3 years,9,1,1,1,0,0,0,,Advanced,0,1,0,0,1,Standards,1,0,0,1,1,1,0,0,,Master's degree or higher education,,0,,,,,,,,,,,,,,,1,Rarely,Agree,Agree,Agree,Agree,,Neither agree nor disagree,Disagree,Agree,Disagree,Disagree,Agree,Disagree,,0,,,,,,,,,,,,,,,1,Always,Agree,Strongly agree,Strongly agree,Neither agree nor disagree,,Neither agree nor disagree,Disagree,Disagree,Disagree,Disagree,Agree,Disagree,,0,,,,,,,,,,,,,,,0,,,,,,,,,,,,,,,0,,,,,,,,,,,,,,,0,,,,,,,,,,,,,,,1,Usually,Agree,Agree,Agree,Agree,,Disagree,Disagree,Disagree,Strongly agree,Agree,Agree,Strongly disagree,,0,,,,,,,,,,,,,,,0,,,,,,,,,,,,,,,0,,,,,,,,,,,,,,,0,,,,,,,,,,,,,,,0,,,,,,,,,,,,,,,1,Always,Neither agree nor disagree,Agree,Agree,Strongly agree,,Agree,Disagree,Agree,Disagree,Disagree,Disagree,Strongly disagree,,0,,,,,,,,,,,,,,
14017918671,1,0,1,0,0,,UML,,0,0,0,0,0,1,0,0,0,0,1,Signavio,ArgoUML,,More than 3 years,20,0,1,0,0,1,0,,Expert,1,1,0,0,0,,0,0,1,0,0,0,0,0,,Master's degree or higher education,,1,Sometimes,Strongly disagree,Strongly disagree,Agree,Strongly disagree,,Strongly disagree,Strongly disagree,Agree,Strongly disagree,Neither agree nor disagree,Agree,Strongly disagree,,0,,,,,,,,,,,,,,,0,,,,,,,,,,,,,,,1,Sometimes,Strongly disagree,Strongly disagree,Agree,Strongly disagree,,Strongly disagree,Strongly disagree,Agree,Strongly disagree,Agree,Agree,Strongly disagree,,0,,,,,,,,,,,,,,,0,,,,,,,,,,,,,,,1,Sometimes,Strongly disagree,Agree,Strongly disagree,Strongly disagree,,Agree,Strongly disagree,Strongly disagree,Strongly disagree,Strongly disagree,Strongly disagree,Strongly disagree,,0,,,,,,,,,,,,,,,1,Sometimes,Strongly agree,Strongly agree,Strongly agree,Strongly disagree,,Agree,Agree,Agree,Agree,Neither agree nor disagree,Neither agree nor disagree,Strongly disagree,,1,Usually,Agree,Agree,Agree,Strongly disagree,,Agree,Disagree,Agree,Neither agree nor disagree,Strongly disagree,Strongly disagree,Strongly disagree,,0,,,,,,,,,,,,,,,0,,,,,,,,,,,,,,,1,Always,Strongly agree,Strongly agree,Strongly agree,Strongly disagree,,Disagree,Strongly agree,Strongly agree,Strongly agree,Strongly agree,Neither agree nor disagree,Strongly disagree,,0,,,,,,,,,,,,,,,0,,,,,,,,,,,,,,,0,,,,,,,,,,,,,,
14017853062,1,1,1,0,1,CCD of the OO-Method,UML,,0,0,0,0,0,0,0,0,0,0,1,Integranova,Other (please specify),Integranova,More than 3 years,30,1,1,0,0,1,0,,Expert,1,1,1,0,0,,1,0,0,0,0,0,0,0,,Master's degree or higher education,,1,Usually,Agree,Agree,Agree,Disagree,,Disagree,Agree,Agree,Disagree,Agree,Agree,Strongly disagree,,0,,,,,,,,,,,,,,,0,,,,,,,,,,,,,,,1,Sometimes,Disagree,Agree,Agree,Disagree,,Disagree,Disagree,Agree,Agree,Agree,Agree,Strongly disagree,,1,Usually,Agree,Agree,Agree,Disagree,,Disagree,Disagree,Agree,Disagree,Disagree,Agree,Strongly disagree,,1,Usually,Agree,Agree,Agree,Disagree,,Disagree,Disagree,Agree,Disagree,Disagree,Agree,Strongly disagree,,0,,,,,,,,,,,,,,,1,Usually,Agree,Agree,Agree,Disagree,,Disagree,Disagree,Agree,Disagree,Agree,Agree,Strongly disagree,,0,,,,,,,,,,,,,,,0,,,,,,,,,,,,,,,1,Usually,Agree,Agree,Agree,Disagree,,Disagree,Disagree,Agree,Disagree,Agree,Agree,Strongly disagree,,0,,,,,,,,,,,,,,,0,,,,,,,,,,,,,,,1,Usually,Agree,Agree,Agree,Disagree,,Agree,Disagree,Agree,Disagree,Disagree,Agree,Strongly disagree,,0,,,,,,,,,,,,,,,0,,,,,,,,,,,,,,
14017812737,1,0,1,0,0,,ER / EER,,0,0,0,1,1,0,1,0,1,0,0,,Draw.io,,Between 1 and 3 years.,,1,0,0,1,0,0,,Intermediate,1,1,0,0,0,,1,0,0,0,0,0,0,0,,Master's degree or higher education,,1,Sometimes,Agree,Agree,Neither agree nor disagree,Agree,,Neither agree nor disagree,Neither agree nor disagree,Agree,Disagree,Agree,Neither agree nor disagree,Disagree,,1,Sometimes,Agree,Agree,Agree,Agree,,Disagree,Disagree,Agree,Disagree,Agree,Neither agree nor disagree,Disagree,,1,Sometimes,Agree,Agree,Agree,Neither agree nor disagree,,Disagree,Disagree,Agree,Disagree,Agree,Neither agree nor disagree,Disagree,,0,,,,,,,,,,,,,,,0,,,,,,,,,,,,,,,0,,,,,,,,,,,,,,,0,,,,,,,,,,,,,,,0,,,,,,,,,,,,,,,0,,,,,,,,,,,,,,,1,Sometimes,Agree,Agree,Agree,Agree,,Disagree,Agree,Agree,Agree,Agree,Neither agree nor disagree,Disagree,,0,,,,,,,,,,,,,,,0,,,,,,,,,,,,,,,0,,,,,,,,,,,,,,,1,Sometimes,Agree,Agree,Agree,Agree,,Neither agree nor disagree,Disagree,Neither agree nor disagree,Disagree,Agree,Neither agree nor disagree,Neither agree nor disagree,,0,,,,,,,,,,,,,,,0,,,,,,,,,,,,,,
14017810412,1,1,1,1,0,,OntoUML,,1,1,0,1,1,0,0,0,1,0,0,,Visual Paradigm,,More than 3 years,13,1,1,1,1,1,0,,Advanced,1,1,1,0,0,,1,0,1,0,0,1,0,0,,Master's degree or higher education,,1,Sometimes,Agree,Neither agree nor disagree,Agree,Disagree,,Disagree,Neither agree nor disagree,Agree,Disagree,Neither agree nor disagree,Neither agree nor disagree,Strongly disagree,,0,,,,,,,,,,,,,,,1,Sometimes,Neither agree nor disagree,Neither agree nor disagree,Agree,Disagree,,Neither agree nor disagree,Neither agree nor disagree,Neither agree nor disagree,Disagree,Neither agree nor disagree,Neither agree nor disagree,Strongly disagree,,1,Usually,Neither agree nor disagree,Neither agree nor disagree,Neither agree nor disagree,Strongly disagree,,Neither agree nor disagree,Neither agree nor disagree,Neither agree nor disagree,Neither agree nor disagree,Neither agree nor disagree,Neither agree nor disagree,Strongly disagree,,0,,,,,,,,,,,,,,,1,Sometimes,Neither agree nor disagree,Neither agree nor disagree,Agree,Disagree,,Neither agree nor disagree,Neither agree nor disagree,Neither agree nor disagree,Neither agree nor disagree,Neither agree nor disagree,Neither agree nor disagree,Strongly disagree,,0,,,,,,,,,,,,,,,1,Sometimes,Neither agree nor disagree,Neither agree nor disagree,Agree,Disagree,,Neither agree nor disagree,Neither agree nor disagree,Neither agree nor disagree,Neither agree nor disagree,Neither agree nor disagree,Neither agree nor disagree,Strongly disagree,,1,Usually,Agree,Neither agree nor disagree,Agree,Neither agree nor disagree,,Neither agree nor disagree,Neither agree nor disagree,Neither agree nor disagree,Neither agree nor disagree,Neither agree nor disagree,Neither agree nor disagree,Strongly disagree,,1,Rarely,Agree,Neither agree nor disagree,Neither agree nor disagree,Disagree,,Neither agree nor disagree,Neither agree nor disagree,Neither agree nor disagree,Neither agree nor disagree,Neither agree nor disagree,Neither agree nor disagree,Strongly disagree,,1,Always,Agree,Neither agree nor disagree,Agree,Neither agree nor disagree,,Neither agree nor disagree,Neither agree nor disagree,Neither agree nor disagree,Agree,Neither agree nor disagree,Neither agree nor disagree,Strongly disagree,,0,,,,,,,,,,,,,,,1,Usually,Agree,Agree,Agree,Neither agree nor disagree,,Disagree,Agree,Agree,Agree,Agree,Neither agree nor disagree,Strongly disagree,,0,,,,,,,,,,,,,,,0,,,,,,,,,,,,,,,0,,,,,,,,,,,,,,
14017804627,1,1,0,0,0,,UML,,1,0,0,0,0,1,0,1,0,0,1,Rational Rose,Visual Paradigm,,More than 3 years,30,1,1,0,0,1,0,,Advanced,1,1,0,0,0,,0,0,0,1,0,1,1,0,,Master's degree or higher education,,1,Sometimes,Agree,Agree,Agree,Neither agree nor disagree,,Disagree,Neither agree nor disagree,Agree,Neither agree nor disagree,Neither agree nor disagree,Agree,Disagree,,0,,,,,,,,,,,,,,,0,,,,,,,,,,,,,,,1,Rarely,Agree,Agree,Agree,Disagree,,Neither agree nor disagree,Disagree,Neither agree nor disagree,Disagree,Disagree,Agree,Disagree,,0,,,,,,,,,,,,,,,0,,,,,,,,,,,,,,,0,,,,,,,,,,,,,,,0,,,,,,,,,,,,,,,1,Sometimes,Agree,Agree,Neither agree nor disagree,Disagree,,Agree,Strongly disagree,Strongly disagree,Strongly disagree,Strongly disagree,Strongly disagree,Strongly disagree,,0,,,,,,,,,,,,,,,0,,,,,,,,,,,,,,,0,,,,,,,,,,,,,,,1,Sometimes,Disagree,Disagree,Agree,Disagree,,Agree,Strongly disagree,Strongly disagree,Strongly disagree,Strongly disagree,Strongly disagree,Strongly disagree,,0,,,,,,,,,,,,,,,0,,,,,,,,,,,,,,,0,,,,,,,,,,,,,,
14017799036,1,0,0,0,0,,UML,,0,0,0,0,1,0,0,0,0,0,0,,Draw.io,,Between 1 and 3 years.,,0,1,0,0,0,0,,Intermediate,0,0,1,0,0,,0,0,0,0,0,1,0,0,,Master's degree or higher education,,1,Sometimes,Agree,Agree,Agree,Disagree,,Agree,Disagree,Agree,Disagree,Disagree,Agree,Disagree,,0,,,,,,,,,,,,,,,1,Sometimes,Agree,Agree,Agree,Disagree,,Agree,Disagree,Agree,Disagree,Disagree,Agree,Disagree,,0,,,,,,,,,,,,,,,0,,,,,,,,,,,,,,,0,,,,,,,,,,,,,,,1,Sometimes,Disagree,Disagree,Agree,Disagree,,Agree,Disagree,Agree,Disagree,Disagree,Disagree,Disagree,,0,,,,,,,,,,,,,,,0,,,,,,,,,,,,,,,0,,,,,,,,,,,,,,,0,,,,,,,,,,,,,,,0,,,,,,,,,,,,,,,1,Sometimes,Strongly agree,Agree,Agree,Disagree,,Agree,Disagree,Disagree,Agree,Disagree,Disagree,Disagree,,1,Sometimes,Agree,Agree,Agree,Neither agree nor disagree,,Disagree,Disagree,Strongly agree,Disagree,Disagree,Disagree,Strongly disagree,,1,Sometimes,Disagree,Disagree,Disagree,Disagree,,Agree,Disagree,Strongly agree,Agree,Disagree,Disagree,Strongly disagree,,0,,,,,,,,,,,,,,
14017792568,1,1,1,0,0,,OntoUML,,1,0,0,0,0,0,0,0,0,0,0,,Visual Paradigm,,More than 3 years,More than 20 years,1,1,1,1,1,0,,Expert,0,1,0,1,0,,1,0,1,1,0,0,1,0,,Master's degree or higher education,,0,,,,,,,,,,,,,,,0,,,,,,,,,,,,,,,0,,,,,,,,,,,,,,,1,Sometimes,Agree,Strongly disagree,Agree,Strongly disagree,,Agree,Disagree,Neither agree nor disagree,Disagree,Disagree,Agree,Strongly disagree,,0,,,,,,,,,,,,,,,0,,,,,,,,,,,,,,,0,,,,,,,,,,,,,,,0,,,,,,,,,,,,,,,0,,,,,,,,,,,,,,,1,Rarely,Disagree,Disagree,Disagree,Disagree,It would have been better to do the modeling using a tool more suited to the needs,Agree,Neither agree nor disagree,Neither agree nor disagree,Neither agree nor disagree,Disagree,Disagree,Strongly disagree,,0,,,,,,,,,,,,,,,0,,,,,,,,,,,,,,,1,Sometimes,Agree,Agree,Disagree,Disagree,,Agree,Neither agree nor disagree,Neither agree nor disagree,Neither agree nor disagree,Disagree,Neither agree nor disagree,Strongly disagree,,0,,,,,,,,,,,,,,,0,,,,,,,,,,,,,,,0,,,,,,,,,,,,,,
14017783598,1,0,1,0,0,,UML,,1,1,0,1,0,0,1,0,0,0,0,,Visual Paradigm,,More than 3 years,20,1,1,1,1,0,0,,Advanced,1,1,1,0,0,,1,0,1,0,1,0,0,0,,Master's degree or higher education,,1,Sometimes,Agree,Neither agree nor disagree,Agree,Disagree,,Disagree,Neither agree nor disagree,Agree,Agree,Agree,Neither agree nor disagree,Disagree,,1,Sometimes,Agree,Neither agree nor disagree,Agree,Disagree,,Disagree,Disagree,Strongly agree,Neither agree nor disagree,Strongly agree,Agree,Disagree,,0,,,,,,,,,,,,,,,0,,,,,,,,,,,,,,,1,Usually,Agree,Agree,Agree,Agree,,Disagree,Neither agree nor disagree,Agree,Disagree,Agree,Agree,Neither agree nor disagree,,1,Sometimes,Agree,Agree,Agree,Agree,,Neither agree nor disagree,Neither agree nor disagree,Neither agree nor disagree,Neither agree nor disagree,Neither agree nor disagree,Neither agree nor disagree,Neither agree nor disagree,,0,,,,,,,,,,,,,,,1,Sometimes,Disagree,Disagree,Agree,Agree,,Neither agree nor disagree,Neither agree nor disagree,Agree,Agree,Neither agree nor disagree,Neither agree nor disagree,Disagree,,0,,,,,,,,,,,,,,,0,,,,,,,,,,,,,,,0,,,,,,,,,,,,,,,0,,,,,,,,,,,,,,,1,Sometimes,Agree,Agree,Agree,Neither agree nor disagree,,Neither agree nor disagree,Neither agree nor disagree,Neither agree nor disagree,Agree,Neither agree nor disagree,Disagree,Strongly disagree,,0,,,,,,,,,,,,,,,0,,,,,,,,,,,,,,,0,,,,,,,,,,,,,,
14017747997,1,1,1,0,0,,ER / EER,,1,0,0,0,1,0,0,0,0,0,1,BRMODELO,Visual Paradigm,,More than 3 years,More than 20 years?,1,1,0,1,0,0,,Advanced,1,1,0,1,0,,1,0,0,1,0,1,0,0,,Master's degree or higher education,,1,Usually,Strongly disagree,Neither agree nor disagree,Disagree,Strongly disagree,Users hardly see the benefits of conceptual modeling and star already thinking on implementing,Agree,Agree,Strongly agree,Agree,Agree,Neither agree nor disagree,Strongly disagree,,1,Sometimes,Agree,Disagree,Agree,Strongly disagree,,Disagree,Agree,Agree,Neither agree nor disagree,Agree,Disagree,Strongly disagree,,1,Rarely,Strongly disagree,Strongly agree,Neither agree nor disagree,Strongly disagree,,Strongly agree,Agree,Strongly agree,Agree,Agree,Disagree,Strongly disagree,,1,Usually,Strongly disagree,Agree,Neither agree nor disagree,Strongly disagree,,Agree,Agree,Strongly agree,Agree,Agree,Disagree,Strongly disagree,,1,Sometimes,Strongly disagree,Agree,Disagree,Strongly disagree,,Agree,Disagree,Agree,Disagree,Disagree,Disagree,Disagree,,1,Sometimes,Agree,Agree,Agree,Disagree,,Agree,Agree,Agree,Neither agree nor disagree,Agree,Neither agree nor disagree,Strongly disagree,,1,Usually,Disagree,Agree,Disagree,Strongly disagree,,Agree,Disagree,Agree,Disagree,Neither agree nor disagree,Disagree,Strongly disagree,,1,Sometimes,Strongly disagree,Agree,Disagree,Strongly disagree,,Agree,Disagree,Strongly agree,Agree,Disagree,Disagree,Strongly disagree,,1,Rarely,Disagree,Agree,Neither agree nor disagree,Strongly disagree,,Agree,Disagree,Agree,Neither agree nor disagree,Agree,Disagree,Strongly disagree,,0,,,,,,,,,,,,,,,0,,,,,,,,,,,,,,,1,Sometimes,Disagree,Agree,Neither agree nor disagree,Strongly disagree,,Agree,Neither agree nor disagree,Agree,Agree,Disagree,Disagree,Strongly disagree,,1,Sometimes,Agree,Agree,Neither agree nor disagree,Strongly disagree,,Agree,Disagree,Agree,Agree,Disagree,Disagree,Strongly disagree,,0,,,,,,,,,,,,,,,0,,,,,,,,,,,,,,,0,,,,,,,,,,,,,,
14017692505,1,0,0,0,0,,UML,,0,0,0,0,1,0,0,1,0,1,0,,Draw.io,,Between 1 and 3 years.,,1,1,1,1,1,0,,Intermediate,1,1,1,0,0,,0,1,0,0,1,1,1,0,,Master's degree or higher education,,1,Usually,Agree,Agree,Neither agree nor disagree,Strongly agree,,Neither agree nor disagree,Disagree,Agree,Neither agree nor disagree,Neither agree nor disagree,Agree,Strongly disagree,,0,,,,,,,,,,,,,,,0,,,,,,,,,,,,,,,1,Usually,Agree,Neither agree nor disagree,Strongly agree,Strongly disagree,,Neither agree nor disagree,Disagree,Neither agree nor disagree,Disagree,Agree,Neither agree nor disagree,Strongly disagree,,0,,,,,,,,,,,,,,,0,,,,,,,,,,,,,,,0,,,,,,,,,,,,,,,0,,,,,,,,,,,,,,,0,,,,,,,,,,,,,,,1,Always,Neither agree nor disagree,Strongly agree,Agree,Strongly disagree,,Neither agree nor disagree,Neither agree nor disagree,Neither agree nor disagree,Neither agree nor disagree,Neither agree nor disagree,Neither agree nor disagree,Neither agree nor disagree,,0,,,,,,,,,,,,,,,0,,,,,,,,,,,,,,,1,Sometimes,Agree,Agree,Strongly agree,Strongly disagree,,Agree,Strongly disagree,Agree,Strongly agree,Agree,Neither agree nor disagree,Neither agree nor disagree,,0,,,,,,,,,,,,,,,0,,,,,,,,,,,,,,,0,,,,,,,,,,,,,,
14017628641,1,0,1,0,0,,UML,,0,0,0,0,0,0,0,0,0,0,0,,Other (please specify),whiteboard,More than 3 years,20,1,1,1,0,0,0,,Advanced,1,0,1,0,0,,0,0,0,0,0,1,1,0,,Master's degree or higher education,,1,Sometimes,Neither agree nor disagree,Disagree,Disagree,Disagree,,Neither agree nor disagree,Neither agree nor disagree,Neither agree nor disagree,Agree,Neither agree nor disagree,Agree,Disagree,,1,Sometimes,Disagree,Disagree,Neither agree nor disagree,Disagree,,Neither agree nor disagree,Neither agree nor disagree,Agree,Agree,Neither agree nor disagree,Agree,Disagree,,0,,,,,,,,,,,,,,,1,Usually,Disagree,Neither agree nor disagree,Disagree,Neither agree nor disagree,,Disagree,Neither agree nor disagree,Neither agree nor disagree,Neither agree nor disagree,Neither agree nor disagree,Agree,Disagree,,0,,,,,,,,,,,,,,,0,,,,,,,,,,,,,,,0,,,,,,,,,,,,,,,0,,,,,,,,,,,,,,,0,,,,,,,,,,,,,,,1,Sometimes,Neither agree nor disagree,Neither agree nor disagree,Neither agree nor disagree,Disagree,,Neither agree nor disagree,Neither agree nor disagree,Neither agree nor disagree,Agree,Neither agree nor disagree,Agree,Disagree,,0,,,,,,,,,,,,,,,0,,,,,,,,,,,,,,,0,,,,,,,,,,,,,,,0,,,,,,,,,,,,,,,0,,,,,,,,,,,,,,,0,,,,,,,,,,,,,,
14017615037,1,0,0,0,0,,UML,,1,0,0,0,1,0,1,0,0,0,0,,Visual Paradigm,,More than 3 years,5,1,1,0,1,0,0,,Intermediate,0,1,0,0,0,,0,0,1,0,1,0,1,0,,Master's degree or higher education,,1,Usually,Agree,Neither agree nor disagree,Neither agree nor disagree,Neither agree nor disagree,,Agree,Neither agree nor disagree,Agree,Agree,Neither agree nor disagree,Neither agree nor disagree,Strongly disagree,,1,Sometimes,Agree,Agree,Neither agree nor disagree,Neither agree nor disagree,,Neither agree nor disagree,Agree,Agree,Agree,Neither agree nor disagree,Neither agree nor disagree,Neither agree nor disagree,,0,,,,,,,,,,,,,,,1,Sometimes,Agree,Agree,Neither agree nor disagree,Agree,,Neither agree nor disagree,Neither agree nor disagree,Agree,Neither agree nor disagree,Agree,Agree,Neither agree nor disagree,,1,Sometimes,Agree,Agree,Neither agree nor disagree,Agree,,Disagree,Neither agree nor disagree,Agree,Agree,Agree,Neither agree nor disagree,Neither agree nor disagree,,0,,,,,,,,,,,,,,,0,,,,,,,,,,,,,,,1,Sometimes,Agree,Agree,Neither agree nor disagree,Neither agree nor disagree,,Strongly agree,Neither agree nor disagree,Neither agree nor disagree,Neither agree nor disagree,Neither agree nor disagree,Neither agree nor disagree,Neither agree nor disagree,,1,Usually,Agree,Neither agree nor disagree,Neither agree nor disagree,Neither agree nor disagree,,Agree,Disagree,Disagree,Disagree,Disagree,Disagree,Strongly disagree,,0,,,,,,,,,,,,,,,0,,,,,,,,,,,,,,,1,Usually,Agree,Agree,Neither agree nor disagree,Neither agree nor disagree,,Disagree,Disagree,Disagree,Disagree,Disagree,Agree,Disagree,,1,Always,Strongly agree,Agree,Strongly agree,Neither agree nor disagree,,Agree,Agree,Agree,Agree,Agree,Agree,Agree,,1,Usually,Agree,Agree,Agree,Neither agree nor disagree,,Agree,Agree,Agree,Agree,Neither agree nor disagree,Agree,Agree,,1,Sometimes,Agree,Agree,Agree,Agree,,Agree,Neither agree nor disagree,Agree,Neither agree nor disagree,Agree,Agree,Agree,,0,,,,,,,,,,,,,,
14017611920,1,0,0,0,0,,UML,,0,0,0,1,1,0,0,0,0,0,0,,Draw.io,,Between 1 and 3 years.,,1,1,1,1,1,0,,Intermediate,0,1,1,0,0,,1,0,1,0,0,0,0,0,,Master's degree or higher education,,1,Usually,Agree,Neither agree nor disagree,Agree,Disagree,,Agree,Disagree,Agree,Disagree,Agree,Agree,Neither agree nor disagree,,1,Sometimes,Neither agree nor disagree,Neither agree nor disagree,Agree,Agree,,Agree,Disagree,Agree,Neither agree nor disagree,Agree,Agree,Neither agree nor disagree,,1,Sometimes,Neither agree nor disagree,Agree,Agree,Strongly disagree,,Neither agree nor disagree,Disagree,Agree,Strongly disagree,Strongly disagree,Neither agree nor disagree,Neither agree nor disagree,,0,,,,,,,,,,,,,,,0,,,,,,,,,,,,,,,1,Usually,Agree,Agree,Agree,Agree,,Agree,Strongly disagree,Neither agree nor disagree,Agree,Neither agree nor disagree,Agree,Neither agree nor disagree,,1,Sometimes,Agree,Agree,Neither agree nor disagree,Neither agree nor disagree,,Agree,Strongly disagree,Agree,Disagree,Neither agree nor disagree,Agree,Neither agree nor disagree,,1,Always,Agree,Agree,Agree,Agree,,Disagree,Strongly disagree,Neither agree nor disagree,Neither agree nor disagree,Neither agree nor disagree,Disagree,Agree,,1,Sometimes,Agree,Agree,Neither agree nor disagree,Neither agree nor disagree,,Agree,Strongly disagree,Neither agree nor disagree,Neither agree nor disagree,Agree,Neither agree nor disagree,Disagree,,0,,,,,,,,,,,,,,,0,,,,,,,,,,,,,,,1,Sometimes,Agree,Agree,Agree,Agree,,Agree,Strongly disagree,Neither agree nor disagree,Neither agree nor disagree,Neither agree nor disagree,Disagree,Agree,,0,,,,,,,,,,,,,,,0,,,,,,,,,,,,,,,0,,,,,,,,,,,,,,,0,,,,,,,,,,,,,,
14017524463,1,1,0,0,0,,OntoUML,,1,1,1,0,1,0,0,0,0,0,0,,Visual Paradigm,,More than 3 years,8,1,1,1,1,1,0,,Advanced,1,1,0,1,0,,1,0,1,1,0,1,1,0,,Master's degree or higher education,,1,Usually,Neither agree nor disagree,Disagree,Disagree,Strongly disagree,,Disagree,Strongly disagree,Strongly agree,Strongly disagree,Agree,Agree,Strongly disagree,,1,Usually,Disagree,Disagree,Agree,Disagree,,Disagree,Neither agree nor disagree,Agree,Agree,Strongly agree,Agree,Strongly disagree,,1,Sometimes,Disagree,Agree,Neither agree nor disagree,Disagree,,Neither agree nor disagree,Disagree,Agree,Neither agree nor disagree,Agree,Agree,Strongly disagree,,1,Usually,Strongly disagree,Disagree,Disagree,Strongly disagree,,Strongly disagree,Disagree,Agree,Neither agree nor disagree,Agree,Strongly agree,Strongly disagree,,1,Always,Disagree,Agree,Agree,Agree,,Disagree,Disagree,Neither agree nor disagree,Disagree,Agree,Agree,Strongly disagree,,1,Usually,Disagree,Agree,Neither agree nor disagree,Neither agree nor disagree,,Disagree,Disagree,Neither agree nor disagree,Disagree,Agree,Agree,Strongly disagree,,1,Sometimes,Strongly agree,Agree,Disagree,Strongly disagree,,Disagree,Disagree,Disagree,Neither agree nor disagree,Agree,Agree,Strongly disagree,,1,Rarely,Agree,Agree,Neither agree nor disagree,Disagree,,Disagree,Disagree,Neither agree nor disagree,Agree,Agree,Agree,Strongly disagree,,1,Rarely,Agree,Agree,Neither agree nor disagree,Strongly disagree,,Agree,Disagree,Disagree,Neither agree nor disagree,Agree,Agree,Neither agree nor disagree,,1,Sometimes,Agree,Agree,Neither agree nor disagree,Disagree,,Agree,Disagree,Disagree,Neither agree nor disagree,Agree,Agree,Disagree,,1,Usually,Agree,Agree,Disagree,Disagree,,Disagree,Disagree,Agree,Disagree,Neither agree nor disagree,Neither agree nor disagree,Strongly disagree,,0,,,,,,,,,,,,,,,1,Sometimes,Agree,Agree,Agree,Neither agree nor disagree,,Disagree,Disagree,Agree,Agree,Neither agree nor disagree,Disagree,Disagree,,0,,,,,,,,,,,,,,,0,,,,,,,,,,,,,,,0,,,,,,,,,,,,,,
14017504876,1,0,1,0,0,,UML,,0,0,0,0,0,0,0,0,1,0,0,,IBM Rational Rhapsody,,More than 3 years,25,1,1,1,0,1,1,I developed training materials to teach non-technical business users to understand and revise conceptual models,Advanced,1,0,1,1,0,,0,0,0,0,0,0,0,1,learned it as part of my PhD work (conceptual modelling for knowledge-based systems)dies,Master's degree or higher education,,1,Sometimes,Strongly agree,Strongly disagree,Strongly agree,Strongly disagree,I felt frustrated because my clients (i.e. non-technical stakeholders in a project) consistently showed ignorance about the value of modelling.,Strongly agree,Strongly disagree,Strongly agree,Agree,Agree,Strongly agree,Strongly disagree,this frustration made me think about investing in the training of non-technical users.s,1,Usually,Strongly agree,Strongly disagree,Strongly agree,Strongly disagree,,Strongly agree,Agree,Strongly agree,Neither agree nor disagree,Strongly disagree,Strongly agree,Strongly disagree,This situation bought me to invest more in teaching non-technical users,1,Usually,Strongly disagree,Strongly agree,Strongly agree,Strongly disagree,"I felt frustrated because the people who have the requirements were unavailable and no one is there to replace them, or to take ownership..",Strongly agree,Neither agree nor disagree,Neither agree nor disagree,Neither agree nor disagree,Neither agree nor disagree,Strongly agree,Strongly disagree,,1,Always,Strongly disagree,Strongly agree,Strongly agree,Strongly disagree,,Strongly agree,Strongly disagree,Strongly disagree,Strongly disagree,Strongly disagree,Strongly agree,Strongly disagree,I planed extra time for negotiation meetings in my next projects.,1,Always,Strongly disagree,Strongly agree,Strongly agree,Strongly disagree,,Strongly agree,Strongly disagree,Strongly disagree,Strongly disagree,Strongly disagree,Strongly disagree,Strongly disagree,This brought me to start a training program for non-technical users.,1,Usually,Strongly disagree,Strongly agree,Strongly agree,Strongly disagree,"Frustration when stakeholders have no time to listen to explanations. And if a model can not be easily explained, this puts in question the value of modelling.",Strongly agree,Strongly disagree,Strongly disagree,Strongly disagree,Strongly disagree,Strongly agree,Strongly disagree,,0,,,,,,,,,,,,,,,1,Usually,Strongly disagree,Strongly agree,Strongly disagree,Strongly disagree,"I felt frustrated because people change their jobs way too often, and this results in loss of organizational knowledge about the universe of discourse",Strongly agree,Strongly disagree,Strongly disagree,Strongly disagree,Strongly disagree,Strongly agree,Strongly disagree,,0,,,,,,,,,,,,,,,0,,,,,,,,,,,,,,,0,,,,,,,,,,,,,,,0,,,,,,,,,,,,,,,0,,,,,,,,,,,,,,,1,Usually,Strongly agree,Strongly agree,Strongly agree,Strongly disagree,I felt frustrated because I was given responsibility without authority to change thingsexpe,Strongly agree,Strongly disagree,Strongly disagree,Strongly disagree,Strongly disagree,Strongly agree,Strongly disagree,This situation made me actively search for a new project in a team where there was a modelling culture,0,,,,,,,,,,,,,,,0,,,,,,,,,,,,,,